period,rgdp,ngdp,iy,cy,tby,nfay,reer,rir,tau_a,tau_s,tau_i,tau_t,y0,va0,i0,l0,y1,va1,i1,l1,y2,va2,i2,l2,tbsm0-0,tbsf0-0,tbsm1-0,tbsf1-0
0,277.0586302116823845,360.6406195906768062,18.2730061972046620,83.2306010526624362,-1.5036072498671491,1.9964473242564520,77.0437568845337779,2.5335729923678274,1.0000000000000000,1.0000000000000000,1.0000000000000000,1.0000000000000000,196.5887805543963793,75.6347994184197177,12.9699615368298531,47.5301569772339292,296.2456983121289795,189.5420261199607523,38.3555117666214045,124.4828980619139287,27.6791497038816630,12.2845895282835933,1.4292975628753473,7.0173061760228332,-0.7727092121746388,-0.0155983953584674,-0.6030676617330782,-0.1122319806009646
1,283.1102820906716602,367.8564409816038960,18.3832697209598521,83.1471949360824425,-1.5304646570419844,0.4939601688578772,77.2705322015409024,2.1561712972578695,1.0000000000000000,1.0000000000000000,1.0000000000000000,1.0000000000000000,200.6068599277576254,77.1806995791228161,13.4888577939832945,48.0443626866912936,302.9358181748089009,193.8224557801467256,38.9660173976703703,125.2236534396396905,28.2417369726731629,12.5342776055865066,1.5582044547098084,7.1884882534038530,-0.8003181269338250,-0.0199958230491664,-0.5983914352860442,-0.1117592717729489
2,287.6539091400641723,376.7053229347591241,18.3216998079067039,83.2677574415087918,-1.5894572494148154,-1.0407680842084286,76.7666060043857357,1.6508802403791378,1.0000000000000000,1.0000000000000000,1.0000000000000000,1.0000000000000000,203.3667108148368357,78.2425138275266079,13.8168633416746882,48.3679382804148048,308.3115254338712248,197.2619063831961626,39.0888409863862307,125.9453359080499553,28.4611270895899153,12.6316475595669395,1.6656022297707820,7.2627921129578805,-0.8505042627815393,-0.0324074069970279,-0.5940525117371929,-0.1124930678990553
3,290.4005771219468102,382.6452087227323773,18.0297162923407726,83.5997906165329283,-1.6295069088747924,-2.6458846268598006,76.3679292236632250,2.1184752255813732,1.0000000000000000,1.0000000000000000,1.0000000000000000,1.0000000000000000,204.7450799854911452,78.7728221973784883,13.8930024108472807,48.4709881335103177,312.0200379105852448,199.6346630940359717,38.5291952515330323,126.4694514224509163,28.2202747823483584,12.5247522335523680,1.7493814306702073,7.1934868939252112,-0.8895169306398328,-0.0400393520454993,-0.5879308604977019,-0.1120197656917585
4,295.0294714418535023,388.9303601985599244,17.9041080546625686,83.7361431813894370,-1.6402512360368509,-4.2946094865220941,76.3821685104776265,3.2731945136212692,1.0000000000000000,1.0000000000000000,1.0000000000000000,1.0000000000000000,207.6906304557438716,79.9060817779411394,14.1610538134071682,48.7044683356029253,317.4162184146408663,203.0872127576266735,38.5399068000228979,127.0185527143099478,28.3807426452527700,12.5959712503701109,1.8616258724175685,7.2059498500144530,-0.9066921901487798,-0.0399260324028190,-0.5827243233080975,-0.1109086901771549
5,304.3548239667393318,397.8664541556325958,18.1940053400314348,83.4002894199865779,-1.5942947600159560,-5.9383307464559412,77.0655471554743201,2.5814831143247785,1.0000000000000000,1.0000000000000000,1.0000000000000000,1.0000000000000000,214.4515466040359684,82.5072502440089863,14.9315206594356216,49.4133029508561350,327.1168825282103967,209.2938295668196247,40.0036950506929045,127.9887902033029548,29.5401548306436261,13.1105427940768706,2.0329227264482412,7.4641102329335389,-0.8894911766635786,-0.0212985234493534,-0.5760990533028280,-0.1074060066001958
6,311.0642706279570575,403.3876934775030918,18.1619320443952077,83.3991764737183416,-1.5611085181114888,-7.5593852633944740,77.6969222139563414,2.6093447204273090,1.0000000000000000,1.0000000000000000,1.0000000000000000,1.0000000000000000,219.1131794637244923,84.3007486588755199,15.3348133512166296,49.8295191076159085,334.4408290902275667,213.9797901679974643,40.5094145470157798,128.7725368027770969,30.0368725003787524,13.3309965561837984,2.1584292054356129,7.5291303506891412,-0.8732274367932223,-0.0107894868898970,-0.5718942020693756,-0.1051973923589936
7,317.9213455997290794,409.1726337169620251,18.1041946032660341,83.4244571246329087,-1.5286517278974772,-9.1563504000229479,78.2893599031572336,2.5258613862697787,1.0000000000000000,1.0000000000000000,1.0000000000000000,1.0000000000000000,223.8818326435442145,86.1354216536137614,15.7221087421996550,50.2304012972020644,341.9359539270541859,218.7752729570752876,40.9892906747835539,129.5978959429629356,30.5242299362209444,13.5472960493737400,2.2875688457113856,7.5757256215585622,-0.8557439597403061,-0.0010755467504607,-0.5685322299901859,-0.1032999914165243
8,324.2088833329112276,418.0664300302340735,17.9879098953389764,83.5345568880758691,-1.5224667834141268,-10.7388752872024931,78.1651682071297245,2.8366749465885022,1.0000000000000000,1.0000000000000000,1.0000000000000000,1.0000000000000000,228.1246371376588797,87.7677816793434005,16.0504516656512202,50.4745431602730719,348.9953380173063238,223.2919628913055590,41.2867042434832214,130.2983449080597325,30.8994357257642456,13.7138202801570515,2.4182169474346389,7.5761320196492887,-0.8625158514619937,0.0045969615678382,-0.5631442333408969,-0.1014036601790743
9,331.7719733564227909,429.7086711272081629,17.9605730820969960,83.5689846888168262,-1.5295577709127859,-12.3165026006278264,77.8543847592248710,3.7200838170784900,1.0000000000000000,1.0000000000000000,1.0000000000000000,1.0000000000000000,233.3275585683068414,89.7695333443524248,16.5273958783948309,50.8536143117981609,357.3058716271045796,228.6091553012339546,41.9227570564545928,131.2909958882438559,31.5364152162584830,13.9965251920626219,2.5803023190205483,7.6372227584458789,-0.8760606879272221,0.0065089220028485,-0.5595067053120338,-0.1004992996763787
10,343.6251451135602792,440.9380823683061976,18.2178904659228991,83.2720101179992014,-1.4899005839218296,-13.8665420595189381,78.5779133984699740,4.0470224441702118,1.0000000000000000,1.0000000000000000,1.0000000000000000,1.0000000000000000,242.0053606181257067,93.1081970034883000,17.4489683258888313,51.7463919684717695,369.5662854987589299,236.4535348130477814,43.6973492432900983,132.9276130830759257,32.9957463225292926,14.6442070687887256,2.8112394897178317,7.8940033947684869,-0.8479114359405258,0.0178148577361776,-0.5600816784130778,-0.0997223273044039
11,357.2570297566511499,451.4027204704615315,18.5483672140876124,82.8883495244254931,-1.4367167385114330,-15.3737082046826874,79.7729354909691466,4.5177593771221991,1.0000000000000000,1.0000000000000000,1.0000000000000000,1.0000000000000000,252.1282031163930526,97.0028198794303620,18.5342472661008166,52.7379548344758149,383.4717069437767805,245.3504125390617503,45.9018045219875148,134.6068278939426079,34.7684210687910067,15.4309574515841028,3.0655771221327219,8.1952589511932246,-0.8017344435793365,0.0298205299367934,-0.5646598218974482,-0.1001430029714416
12,373.4726120220781240,463.7457236809286201,19.0110680413972091,82.3450885319125518,-1.3561565733081005,-16.8124097387137823,81.1481540155520662,3.2928773581175186,1.0000000000000000,1.0000000000000000,1.0000000000000000,1.0000000000000000,264.3499993160831423,101.7049860024893775,19.8903542340965203,53.8900150312139772,399.7910874993536936,255.7917741289528806,48.8376508387632100,136.3905848635581606,37.0532965757120962,16.4450333182939161,3.3507419881200433,8.5859306752506583,-0.7439187697068265,0.0531115352041261,-0.5665384053603798,-0.0988109334450201
13,384.0688194983532071,471.1903839410286423,18.9350012845462068,82.3561731925637304,-1.2911744771096889,-18.2608390206548208,82.0790742964306901,3.5129371045157010,1.0000000000000000,1.0000000000000000,1.0000000000000000,1.0000000000000000,272.0334886546352777,104.6611016735673303,20.4777988255584233,54.5236537298377755,411.0358929281227915,262.9863535487964441,49.8068821639491759,137.8676267785861000,37.9718783672094418,16.8527192615914387,3.5310884928651891,8.6280411245141053,-0.7000598009586164,0.0714830357059066,-0.5656078828832952,-0.0969898289736838
14,396.1905597664874108,476.4294614139545274,18.9026540366892455,82.2894760618864183,-1.1921300985742047,-19.6384642919001351,83.6582654047910239,6.4687905626784614,1.0000000000000000,1.0000000000000000,1.0000000000000000,1.0000000000000000,281.0008451971947920,108.1111673970396367,21.1879279363912296,55.2151516435415104,423.6970450890290749,271.0871308673005160,51.0232720628338399,139.2859927636874033,39.1111383270881916,17.3583468232342213,3.7608851265899061,8.6873627170188428,-0.6320832930991518,0.0983318227120527,-0.5644446026459706,-0.0939340255411352
15,424.2288249674550116,495.4067857021018426,20.0064929105920974,81.0533533025211455,-1.0598462131115247,-20.7161042106394433,86.1313809433894306,5.3705131131831063,1.0000000000000000,1.0000000000000000,1.0000000000000000,1.0000000000000000,302.7851828698932195,116.4923883685068375,23.9091002819961282,57.2037288555496772,450.9850557777052131,288.5463711674424871,57.3649761880942108,141.8113231539670096,43.8622204377142921,19.4669771160220044,4.2786762045176960,9.5383000054575717,-0.5383148711844224,0.1379193753060108,-0.5680493995592405,-0.0914013176738727
16,447.2305503976864429,508.7517064278944758,20.6385297195611273,80.3282636036714734,-0.9667933232319593,-21.7766612973611977,88.3735701089859305,4.1422748684674771,1.0000000000000000,1.0000000000000000,1.0000000000000000,1.0000000000000000,320.5157761893687507,123.3139875742511151,25.9138387530625849,58.4225549021637605,473.6723940656248146,303.0620387057791163,62.1667565069082784,143.3111894767141052,47.4437791559215043,21.0565482984940928,4.6256346266068080,10.0367313103215690,-0.4613888083134201,0.1612582973419190,-0.5751576243048618,-0.0915051879555964
17,463.0775427238544921,526.2290547977727329,20.7560178421215120,80.2002791077120349,-0.9562969498323806,-22.8779750571572187,88.4543847729316752,4.1054532692489820,1.0000000000000000,1.0000000000000000,1.0000000000000000,1.0000000000000000,332.1704673873814500,127.7979679344700941,26.9974723489547870,58.8294606405951370,490.0666712462448800,313.5513201748148617,64.7339689842317512,144.1186777192378088,49.4079895741498660,21.9283062460198366,4.8045252672955208,10.1549508534898703,-0.4511627360372606,0.1662973187015229,-0.5783503827303101,-0.0930811497663327
18,479.2504275800904452,542.6289929983897764,20.8464103841150781,80.0848683837530899,-0.9312787678677215,-23.9808738018182517,88.7567848591507840,4.0798751682544765,1.0000000000000000,1.0000000000000000,1.0000000000000000,1.0000000000000000,344.1014606546257255,132.3882516733777663,28.0777445078085854,59.1776348189340666,506.8016010763224699,324.2585558411577153,67.2759563078012803,144.7648005235199093,51.3609911146064420,22.7950894575449396,4.9809048894972694,10.2462839883896830,-0.4324979656557130,0.1756840009480488,-0.5805745216337611,-0.0938902815262961
19,495.8107127280837858,558.3839320256527117,20.9188647942546417,79.9781533538118481,-0.8970181480659813,-25.0696433857608874,89.2075280966352153,4.0627474350123149,1.0000000000000000,1.0000000000000000,1.0000000000000000,1.0000000000000000,356.3467541512036405,137.0994580546446571,29.1665396789230797,59.4823373906318480,523.9391027238549441,335.2233624304673754,69.8235228178690619,145.2929389132459050,53.3242089903001286,23.6664068937920362,5.1580499342101946,10.3194361424791232,-0.4083602531573574,0.1877747064832210,-0.5822147886017117,-0.0942178127901332
20,512.8233186419690810,573.7293230103855421,20.9801677036541641,79.8762994675806510,-0.8564671712345393,-26.1335960477702933,89.7717315505139908,4.0280190468533927,1.0000000000000000,1.0000000000000000,1.0000000000000000,1.0000000000000000,368.9531043554919165,141.9495759830982138,30.2740241954890834,59.7582191842901835,541.5414616510590804,346.4855910284259153,72.4036780374895699,145.7391274450402250,55.3164451542937172,24.5506032574769861,5.3382604894692127,10.3811471511129909,-0.3803098684997403,0.2016182890311237,-0.5835361312970339,-0.0942394604688887
21,530.1657795021772017,588.6482171985159084,21.0260932338034756,79.7856689941338573,-0.8117622279362959,-27.1683932083736757,90.4234540054676330,3.9991555981851334,1.0000000000000000,1.0000000000000000,1.0000000000000000,1.0000000000000000,381.8195609487474371,146.8997662274871345,31.3862714386580670,59.9822022701135182,559.4963383857185590,357.9733653131206097,74.9822221181541408,146.0638911521533316,57.3136350937291681,25.4369982110236066,5.5203118636565476,10.4253950132789619,-0.3494948891966044,0.2165005259305992,-0.5846952812251376,-0.0940725834451532
22,547.8911846707968607,603.1894140801066442,21.0614679469923125,79.7023648465468000,-0.7638327935382943,-28.1684054467993832,91.1592801139582178,3.9748907572894288,1.0000000000000000,1.0000000000000000,1.0000000000000000,1.0000000000000000,394.9889523847209603,151.9665064397898391,32.5110704774264292,60.1684754236128967,577.8520310336757575,369.7175870694256332,77.5778226454389142,146.2973620384443052,59.3298503638661003,26.3318370069861913,5.7065480485425386,10.4572489535370536,-0.3163248398559156,0.2320995689082859,-0.5858210795386676,-0.0937864430519969
23,566.0383000119786630,617.5444303667583199,21.0903462869026725,79.6235330208256045,-0.7138793077280446,-29.1292330424158870,91.9534110353064733,3.9596838214509544,1.0000000000000000,1.0000000000000000,1.0000000000000000,1.0000000000000000,408.4899838841677706,157.1608405544972129,33.6555882517765639,60.3258177660350228,596.6449087881103424,381.7415258016844177,80.2076373786462682,146.4602761407075491,61.3778052263169158,27.2407625024154321,5.8989059390964949,10.4806842470181856,-0.2817038691129816,0.2481680802303148,-0.5869228916714366,-0.0934206271739413
24,584.6836078289861689,631.9862057962134259,21.1182564217947402,79.5447124422713756,-0.6629688640647647,-30.0470509432908486,92.7760043972243125,3.9489198820161109,1.0000000000000000,1.0000000000000000,1.0000000000000000,1.0000000000000000,422.3810333776365837,162.5052286685439356,34.8322182512195511,60.4678696443971546,615.9460495406057134,394.0906581114471123,82.9020510159159443,146.5821290368424457,63.4793053008386039,28.1734524905596828,6.0996263769615764,10.5013639643399834,-0.2465439077999013,0.2645424395155558,-0.5879701280717474,-0.0929972677086719
25,603.8758780957800809,646.6839092272755352,21.1483779117468984,79.4634147451450588,-0.6117926568909358,-30.9196907870817235,93.6086849960615694,3.9294385755918260,1.0000000000000000,1.0000000000000000,1.0000000000000000,1.0000000000000000,436.6995845996665366,168.0140921275191204,36.0489341968431489,60.6012887325987819,635.8002122592114347,406.7936213951028321,85.6813473962742762,146.6773302880719427,65.6486827034555489,29.1362678663277386,6.3097838560553878,10.5223000150017594,-0.2114074596571238,0.2810968900749131,-0.5889499722649865,-0.0925321150437385
26,623.5769425581619316,661.2375486385237764,21.1777229800384923,79.3818542119551438,-0.5595771919930307,-31.7472205448819160,94.4991642518912585,3.9183404941981026,1.0000000000000000,1.0000000000000000,1.0000000000000000,1.0000000000000000,451.4222080579189083,173.6784167600721958,37.2979901895763462,60.7189370993260127,656.1689133537697671,419.8257933283699685,88.5285549705762804,146.7288778494835810,67.8742825006035417,30.1240359247648861,6.5283792523640773,10.5399583363583034,-0.1753125466473260,0.2977933118505806,-0.5900131584406697,-0.0920447987556155
27,643.8581160319999981,676.1628985227098383,21.2112486261063999,79.2965558218182593,-0.5078044479247077,-32.5268853735209689,95.3844926359468275,3.9027957503712019,1.0000000000000000,1.0000000000000000,1.0000000000000000,1.0000000000000000,466.5983865192406483,179.5172403726058690,38.5926158049136845,60.8295839167362047,677.1201674250813767,433.2306905777012389,91.4768976938490681,146.7582446707709494,70.1791080867497783,31.1469660567595668,6.7572526798807484,10.5592329286129019,-0.1397894375394479,0.3145188309622118,-0.5910010728901943,-0.0915327684572773
28,664.7006987422234943,691.4340362744098911,21.2479468972399026,79.2087312175561067,-0.4566781147954717,-33.2590949211576898,96.2643310215930086,3.8790373582502591,1.0000000000000000,1.0000000000000000,1.0000000000000000,1.0000000000000000,482.2131157155463370,185.5247902816340400,39.9305853705912952,60.9276653980113920,698.6360159587709404,446.9968230413999777,94.5225017242850782,146.7546399688485224,72.5600582711458060,32.2036818885502569,6.9956733783595286,10.5785362149046946,-0.1049172822129650,0.3311745174731051,-0.5919305481991067,-0.0910048018565050
29,686.0482290790382649,706.9535143787015841,21.2852807370441646,79.1210353297801134,-0.4063160668241679,-33.9450271202729397,97.1427003045943138,3.8495461668136555,1.0000000000000000,1.0000000000000000,1.0000000000000000,1.0000000000000000,498.2214561582203487,191.6837766438715391,41.3045838303487827,61.0029619117205968,720.6636789705936508,461.0904213678458063,97.6484527334684600,146.6983118034739277,75.0049986897747516,33.2887979338511144,7.2424432729532855,10.5946003981484846,-0.0706812100771909,0.3476602825418921,-0.5928257524577967,-0.0904693868310724
30,707.8594707108100010,722.6881665987276619,21.3218704617463004,79.0350470653612547,-0.3569175271065798,-34.5855770083561893,98.0174469535136268,3.8234230013048043,1.0000000000000000,1.0000000000000000,1.0000000000000000,1.0000000000000000,514.5898838387183787,197.9813015632390147,42.7099846783635329,61.0491408991332918,743.1644569616859144,475.4867250914311398,100.8434319034721511,146.5775247976996241,77.5060823093754152,34.3988315140517074,7.4971348575858352,10.6055429079011141,-0.0371886617565571,0.3638931755131273,-0.5936904132135996,-0.0899316276495504
31,730.1780294060818051,738.7735701943072399,21.3601416281237526,78.9486326928233382,-0.3087743209465537,-35.1803083310301261,98.8763867488224832,3.7926030114556530,1.0000000000000000,1.0000000000000000,1.0000000000000000,1.0000000000000000,531.3520521806692614,204.4303127264698503,44.1541179123147529,61.0727616934138879,766.1775370199973167,490.2108066438910328,104.1252581657249152,146.4055522324591152,80.0761252227140972,35.5394706810132632,7.7610622721967788,10.6139158472058117,-0.0047181748700673,0.3798355378986005,-0.5945002820077320,-0.0893914019673548
32,752.9692468311944822,755.1397555264283028,21.3990196836627895,78.8629040498262128,-0.2619237334876666,-35.7305202476715138,99.7237130055567320,3.7651274547745084,1.0000000000000000,1.0000000000000000,1.0000000000000000,1.0000000000000000,548.4807722014662659,211.0203495506149522,45.6331825419674360,61.0689570722319957,789.6693504164800288,505.2411882959140144,107.4849690394363648,146.1727519459618065,82.7088906690611623,36.7079474289852712,8.0338453380773718,10.6181921093679943,0.0267756690721456,0.3954250466114057,-0.5952723911522076,-0.0888520580190104
33,776.2801839652988747,771.8810322443571295,21.4407853763837473,78.7757292953887713,-0.2165146717733576,-36.2360756025504003,100.5534579835050977,3.7433596271488900,1.0000000000000000,1.0000000000000000,1.0000000000000000,1.0000000000000000,566.0134674738681042,217.7658102348550813,47.1547006586834101,61.0443721729075079,813.6815594513743690,520.6045261537166198,110.9415154249543463,145.8919514671662228,85.4178529014307344,37.9102419152070098,8.3167231142662903,10.6207927748417958,0.0571587590244590,0.4106373161654752,-0.5959973701445866,-0.0883133768187051
34,800.1869845157236796,789.1527758744982748,21.4886015145911244,78.6841277130401977,-0.1727292276317013,-36.6966128094498032,101.3558951195090572,3.7251027036392159,1.0000000000000000,1.0000000000000000,1.0000000000000000,1.0000000000000000,584.0106168835742437,224.6899631894017375,48.7300509647272833,61.0081479223162120,838.2823388259590729,536.3444393182144267,114.5248521198711700,145.5805167547324288,88.2236297154835540,39.1555047515787678,8.6109446432456096,10.6250906741664437,0.0862448379328725,0.4254576992233801,-0.5966575535887095,-0.0877742111992444
35,824.7478996404563532,807.0597410082800707,21.5445979507167316,78.5860829399454559,-0.1306808906617246,-37.1123941644334820,102.1256202050925168,3.7106574607409071,1.0000000000000000,1.0000000000000000,1.0000000000000000,1.0000000000000000,602.5188768304990390,231.8107588152858227,50.3676858559481815,60.9656215750526016,863.5231577750562337,552.4938585057236651,118.2600447393981966,145.2479494845298404,91.1424342473933251,40.4509316693636407,8.9165933680375886,10.6332007648549283,0.1139368615191462,0.4398633726580420,-0.5972465585236773,-0.0872345663152355
36,850.0308511413215911,825.6998929181282847,21.6109714801877679,78.4794593088561356,-0.0904307890423720,-37.4837236052235383,102.8594873005118728,3.8601322835800200,1.0000000000000000,1.0000000000000000,1.0000000000000000,1.0000000000000000,621.5931390628552435,239.1493159492694076,52.0767616663977080,60.9223148948843303,889.4641984283854299,569.0912890611937200,122.1766563716241336,144.9036137361468946,94.1925050460766613,41.8046173206527882,9.2330028406693145,10.6473153143207568,0.1401880924901020,0.4538386022160451,-0.5977629673691568,-0.0866945163793622
37,878.0277122444113047,845.2067125734718047,21.7582634744689400,78.2901452737099959,-0.0484087481771597,-37.7858114987177416,103.7798358213202476,3.7678192021521006,1.0000000000000000,1.0000000000000000,1.0000000000000000,1.0000000000000000,642.9087430637016496,247.3501981590269736,54.1227696705697596,61.1159050326442710,917.8826175159060767,587.2737800261749044,126.9664697478171718,144.9650930410103058,97.8531910373024232,43.4293068532159907,9.5893256452701046,10.7460077960937461,0.1687637562329909,0.4679865057516080,-0.5989161753974955,-0.0862428347642631
38,905.9727840631096569,865.0360149737194888,21.8804624775066614,78.1287990209466443,-0.0092614984530080,-38.0540928667570881,104.6135238227702899,3.6393528655557228,1.0000000000000000,1.0000000000000000,1.0000000000000000,1.0000000000000000,664.1405955159574432,255.5188581251713913,56.1107946251705982,61.2483042802170772,946.3203693448865579,605.4686403420281522,131.7021411292115829,144.9356286453933649,101.4464602587827358,45.0240754036498387,9.9160342438941740,10.8218400269955684,0.1949397631561898,0.4814158136303611,-0.5998224118031688,-0.0857946634363902
39,933.3508971222190667,885.1927268367312536,21.9646237216766558,78.0094041786916392,0.0259720996333214,-38.2964981112823253,105.3069103769299062,3.4887237559571016,1.0000000000000000,1.0000000000000000,1.0000000000000000,1.0000000000000000,684.8522121283483557,263.4873645866881020,57.9745005807357998,61.2756127482485553,974.3152583764674546,623.3801510180704781,136.2170763769015878,144.7388402879341243,104.8524834318421455,46.5357402146172490,10.2046906945133902,10.8605923501015784,0.2177978097041654,0.4938575827849387,-0.6003432650895297,-0.0853400277662529
40,959.7754945322679987,905.6740459869895403,22.0040287411182902,77.9394658461154251,0.0565054127665865,-38.5199630381151437,105.8264887078775587,3.3415145068388608,1.0000000000000000,1.0000000000000000,1.0000000000000000,1.0000000000000000,704.7161887656470753,271.1297533556572716,59.6691802543387908,61.1766629316497870,1001.5170430465651634,640.7842227390272001,140.3854278785501890,144.3399553567153930,107.9851515220099714,47.9260842832671230,10.4530940506197734,10.8552386498624820,0.2367547923612394,0.5050510853833010,-0.6004193179732119,-0.0848811470047421
41,985.1851453633948950,926.5278296369863256,22.0027078658526278,77.9152326834482949,0.0820594507003298,-38.7277692629182582,106.1716342352625162,3.2100364662584369,1.0000000000000000,1.0000000000000000,1.0000000000000000,1.0000000000000000,723.6785287474727966,278.4252499602176840,61.1965529384112372,60.9695816391197454,1027.8653182785017179,657.6422075154534923,144.1877891932655018,143.7750841856608588,110.8374924107302348,49.1920132365598661,10.6675480525476640,10.8113868273415452,0.2517544927234832,0.5148305827191536,-0.6000941800066230,-0.0844314447356840
42,1009.6982803249927656,947.7309195077698405,21.9693189669163758,77.9279121294315757,0.1027689036517494,-38.9216053342484400,106.3688334954954513,3.0991849489363510,1.0000000000000000,1.0000000000000000,1.0000000000000000,1.0000000000000000,741.8394795092107188,285.4124232070234370,62.5826687535199326,60.6890332416711402,1053.4593858723108042,674.0176399893135795,147.6641018163028036,143.1088425049372859,113.4457423570891308,50.3496094893700956,10.8577783481187673,10.7398860996226375,0.2631615045456220,0.5231040805367292,-0.5994845085740306,-0.0840121728565713
43,1033.5282711877150632,969.2766484618833829,21.9136542434158130,77.9673599649549232,0.1189857916291226,-39.1022379573710310,106.4505298435443024,3.0069745228626044,1.0000000000000000,1.0000000000000000,1.0000000000000000,1.0000000000000000,759.3793704093676524,292.1606523089749317,63.8644005054639052,60.3737192324034666,1078.4851394357694971,690.0294574186387990,150.8840818937893573,142.4128058355039457,115.8668806213542837,51.4241616373194717,11.0340577157908246,10.6527357842989314,0.2714692577728293,0.5298706806533509,-0.5987120128056113,-0.0836421339914465
44,1056.8871140168243983,991.2658588072104067,21.8436292925228521,78.0253269386231523,0.1310437688544493,-39.2704225407034002,106.4350217751347571,2.9259602532233364,1.0000000000000000,1.0000000000000000,1.0000000000000000,1.0000000000000000,776.4748510341700012,298.7379007377611515,65.0758183425566017,60.0555639704987172,1103.1306999456126050,705.7980221624075057,153.9141642667268286,141.7469633326751079,118.1546239938598148,52.4395103231694719,11.2050477143892415,10.5596298870140419,0.2770140056893587,0.5352065534050462,-0.5978463465908411,-0.0833304436491146
45,1079.8950094740905570,1013.8522948330721647,21.7631702771686655,78.0976651755348712,0.1391645472961337,-39.4280357997734967,106.3245924493932932,2.8623953503398969,1.0000000000000000,1.0000000000000000,1.0000000000000000,1.0000000000000000,793.2238326445549319,305.1818384894058340,66.2367118989162549,59.7523269706312874,1127.5046175157860944,721.3927860595831589,156.7869938439705209,141.1462460076735397,120.3382983642929958,53.4086709943313735,11.3766661370426743,10.4655793257518077,0.2799284485213726,0.5392149036304754,-0.5969017091455544,-0.0830770957101598
46,1102.7910940529861819,1037.2564971872475326,21.6781837793383829,78.1780377326068248,0.1437784880522729,-39.5753601333830574,106.1264314700647162,2.9230062976614457,1.0000000000000000,1.0000000000000000,1.0000000000000000,1.0000000000000000,809.8215712315276278,311.5675875910829973,67.3803190591245169,59.4897654306101629,1151.8264613967091918,736.9542325022800924,159.5688613655131007,140.6607170497690902,122.4712751388494212,54.3553310048125979,11.5563888266123076,10.3778948380224048,0.2804692292683054,0.5420755144110020,-0.5958914234167043,-0.0828748322103302
47,1127.7099734661803723,1059.6834661009067986,21.6365517453188296,78.2135985806329899,0.1498496740480036,-39.6891116589296047,106.2230699947151606,2.8911534602980460,1.0000000000000000,1.0000000000000000,1.0000000000000000,1.0000000000000000,828.0735006836852108,318.5897636238149744,68.7580605556835565,59.4648744423454119,1178.0458647339153231,753.7297632880618039,162.8953911999570892,140.6456622489547215,125.0080780980173074,55.4812175801195835,11.7785110062447700,10.3531719665151076,0.2844932225858747,0.5441002470808812,-0.5958928636311834,-0.0828509319875690
48,1152.9628987363091710,1082.4918827176907143,21.5979723433933515,78.2467806728824229,0.1552469837254276,-39.7928134515947747,106.3095567921266280,2.8616861324947118,1.0000000000000000,1.0000000000000000,1.0000000000000000,1.0000000000000000,846.5671849333081127,325.7049514528619056,70.1613533627307220,59.4417245177069304,1204.6127231732332348,770.7276005728582504,166.2744493641617680,140.6311799511462368,127.5868106637814350,56.6257133978212153,12.0068133837860689,10.3304972011479421,0.2880782831174094,0.5458898190647880,-0.5958905094028617,-0.0828306090539081
49,1178.5661398583079063,1105.6903190098939831,21.5622348733489915,78.2777162888479268,0.1600488378039241,-39.8873801631136686,106.3869991236841628,2.8344346252033414,1.0000000000000000,1.0000000000000000,1.0000000000000000,1.0000000000000000,865.3153385551196379,332.9180428340308708,71.5908586021348583,59.4201932545119860,1231.5434743612483999,787.9582613864737368,169.7089190186278813,140.6173321528989391,130.2094355230955500,57.7896895397193902,12.2411169659915693,10.3096832685178512,0.2912750905218837,0.5474724727565665,-0.5958853457149962,-0.0828133797595299
50,1204.5357294795410326,1129.2878133497147246,21.5291398349451306,78.3065363013621152,0.1643238636920424,-39.9736401876164962,106.4563771742519407,2.8092383302445345,1.0000000000000000,1.0000000000000000,1.0000000000000000,1.0000000000000000,884.3303658037945070,340.2338101318057966,73.0472381427866964,59.4001674033052041,1258.8544625317090322,805.4322029919084116,173.2014592111011382,140.6041551557620721,132.8777846979369599,58.9739590957478441,12.4812920528322397,10.2905630100004206,0.2941279858547958,0.5488728457910518,-0.5958781429293432,-0.0827988250244621
51,1230.8874881118372286,1153.2938125447130915,21.4984991871161562,78.3333685817798369,0.1681322311047561,-40.0523440685046737,106.5185594838859799,2.7859461562482313,1.0000000000000000,1.0000000000000000,1.0000000000000000,1.0000000000000000,903.6244023392688405,347.6569223725802544,74.5311555709386084,59.3815419927911563,1286.5619344494896268,823.1598202902522416,176.7545484853010294,140.5916659253350645,135.5935855532791550,60.1792887068580313,12.7272494429194261,10.2729866913790175,0.2966758454801742,0.5501124698231600,-0.5958695026969930,-0.0827865815015852
52,1257.6370493218742013,1177.7181247943096878,21.4701363208618723,78.3583368916080758,0.1715267875297497,-40.1241720823424757,106.5743164221199493,2.7644166159833450,1.0000000000000000,1.0000000000000000,1.0000000000000000,1.0000000000000000,923.2093527485147888,355.1919596806383197,76.0432770983748583,59.3642195825341901,1314.6820412750460036,841.1514470135878128,180.3705203890351356,140.5798669911606282,138.3584820049131565,61.4064079774969045,12.9789334010324033,10.2568197619789192,0.2989528214442420,0.5512101938294302,-0.5958598937495833,-0.0827763339943392
53,1284.7998845588701897,1202.5708816192461654,21.4438858335307749,78.3815601401107500,0.1745540263585666,-40.1897410722141188,106.6243319522940709,2.7445176790759307,1.0000000000000000,1.0000000000000000,1.0000000000000000,1.0000000000000000,943.0969244220485734,362.8434263116699867,77.5842724262437571,59.3481096177945986,1343.2308447724913094,859.4173596970019844,184.0515925346365123,140.5687502253166485,141.1740519129836002,62.6560171952245000,13.2363160046908579,10.2419409730569182,0.3009889708062676,0.5521825444053624,-0.5958496799062595,-0.0827678089468039
54,1312.3913273902985566,1227.8625071847573054,21.4195931684306338,78.4031519169115114,0.1772549146574670,-40.2496106000023630,106.6692139060714339,2.7261264707648891,1.0000000000000000,1.0000000000000000,1.0000000000000000,1.0000000000000000,963.2986582570658811,370.6157624653756102,79.1548155715557726,59.3331278664477466,1372.2243266711514025,877.9677836682366205,187.7998904990033111,140.5582997564870880,144.0418214246832918,63.9287936963038206,13.4993925772618137,10.2282407859089908,0.3028107922815782,0.5530440332904908,-0.5958391420648386,-0.0827607688497635
55,1340.4265969978446265,1253.6036937293524716,21.3971141664343136,78.4232202307251924,0.1796656028405895,-40.3042884837535738,106.7095029622454945,2.7091288738003483,1.0000000000000000,1.0000000000000000,1.0000000000000000,1.0000000000000000,983.8259565886233986,378.5133550315994739,80.7555856581936240,59.3191959222593326,1401.6784002808030891,896.8129004792754131,191.6174675725221448,140.5484942154857038,146.9632768621663104,65.2253971418069938,13.7681779823752031,10.2156200156307957,0.3044416852433627,0.5538074205498744,-0.5958284955232430,-0.0827550074294046
56,1368.9208208448117148,1279.8053820485351935,21.3763145635456802,78.4418674017789357,0.1818180346761692,-40.3542357808914716,106.7456804996080564,2.6934190737537778,1.0000000000000000,1.0000000000000000,1.0000000000000000,1.0000000000000000,1004.6901086910489767,386.5405474016427547,82.3872676719318093,59.3062407622148413,1431.6089236804391476,915.9628563446957514,195.5063211525794600,140.5393084624865878,149.9398746241473646,66.5464739121536155,14.0427036048639664,10.2039886680888543,0.3059023434613221,0.5544839403807449,-0.5958179036611014,-0.0827503455047961
57,1397.8890564681487376,1306.4787461707987859,21.3570694590801295,78.4591900679810266,0.1837404729378509,-40.3998712730672338,106.7781754718817382,2.6788990759375242,1.0000000000000000,1.0000000000000000,1.0000000000000000,1.0000000000000000,1025.9023141428442614,394.7016484575847812,84.0505531783071831,59.2941943483599658,1462.0317139664932711,935.4277712578764294,199.4684064125793270,140.5307149115576522,152.9730494718666876,67.8926607845964725,14.3230148816116252,10.1932649365109906,0.3072110938025121,0.5550834953264236,-0.5958074887738745,-0.0827466274172103
58,1427.3463123792714669,1333.6351815175232787,21.3392627722297696,78.4752792743067005,0.1854579534629878,-40.4415755040577594,106.8073704331556542,2.6654782135078658,1.0000000000000000,1.0000000000000000,1.0000000000000000,1.0000000000000000,1047.4737043071127118,403.0009408365792183,85.7461410022846451,59.2829932667415065,1492.9625621729055638,955.2177485370580143,203.5056477494101443,140.5226845417839172,156.0642214945096384,69.2645880246213892,14.6091692748026389,10.1833743308988787,0.3083841883713425,0.5556148237103106,-0.5957973406697863,-0.0827437179488790
59,1457.3075680781826122,1361.2862959635826883,21.3227866996611013,78.4902206220590131,0.1869926782800047,-40.4796944157310961,106.8336068250474682,2.6530726601283527,1.0000000000000000,1.0000000000000000,1.0000000000000000,1.0000000000000000,1069.4153621444097553,411.4426885535725091,87.4747378689212240,59.2725783976483740,1524.4172485717613199,975.3428846149006404,207.6199484117083784,140.5151876641600950,159.2148019899676967,70.6628819959528442,14.9012346024140356,10.1742489186913687,0.3094360571371291,0.5560856443080393,-0.5957875235042521,-0.0827414996609116
60,1487.7877932000128567,1389.4439033152448246,21.3075411830398131,78.5040944602147022,0.1883643567458633,-40.5145426247384179,106.8571896218572306,2.6416049561313271,1.0000000000000000,1.0000000000000000,1.0000000000000000,1.0000000000000000,1091.7383405456823766,420.0311440546471431,89.2370590047267314,59.2628946126359537,1556.4115581366613696,995.8132789321575729,211.8131986326458218,140.5081944980078958,162.4261984506638896,72.0881673733682788,15.1992876581028948,10.1658266592155133,0.3103795269346617,0.5565027816228572,-0.5957780812208723,-0.0827398705907835
61,1518.8019658226914999,1418.1200188060836354,21.2934333925513997,78.5169761052439696,0.1895905022051836,-40.5464063759048514,106.8783914168815414,2.6310035538729126,1.0000000000000000,1.0000000000000000,1.0000000000000000,1.0000000000000000,1114.4536793475879222,428.7705547634296295,91.0338286997390753,59.2538904947496476,1588.9612960071478938,1016.6390438320255498,216.0872825283425129,140.5016755987966803,165.6998188074304323,73.5410690262203843,15.5034130661003235,10.1580508176631543,0.3112260117620022,0.5568722745890085,-0.5957690418872986,-0.0827387422585285
62,1550.3650899700101036,1447.3268562785283393,21.2803772303994307,78.5289360790975763,0.1906866905035995,-40.5755462062165435,106.8974560217437642,2.6212023858510403,1.0000000000000000,1.0000000000000000,1.0000000000000000,1.0000000000000000,1137.5724211706240112,437.6651691745899484,92.8657808305002135,59.2455180790616893,1622.0823028356492159,1037.8303143793291383,220.4440839731682331,140.4956021701014208,169.0370750551827257,75.0222136275875044,15.8137023272648705,10.1508694468642329,0.3119856785125889,0.5571994710819507,-0.5957604211525195,-0.0827380379384205
63,1582.4922123475803346,1477.0768267742596436,21.2682928567430594,78.5400403575514616,0.1916667857048040,-40.6021993495548372,106.9146016408862323,2.6121404573434148,1.0000000000000000,1.0000000000000000,1.0000000000000000,1.0000000000000000,1161.1056262023614636,446.7192425414853574,94.7336593443256731,59.2377326112197764,1655.7904699308794534,1059.3972580494730664,224.8854916235994779,140.4899462852780232,172.4393863609085713,76.5322310336648002,16.1302530207601578,10.1442349271644918,0.3126675916247680,0.5574891102431914,-0.5957522250039360,-0.0827376911592194
64,1615.1984383502112905,1507.3825383015109765,21.2571062393811623,78.5503506230740811,0.1925431375443750,-40.6265819080369752,106.9300236749114958,2.6037614644192297,1.0000000000000000,1.0000000000000000,1.0000000000000000,1.0000000000000000,1185.0643860313891764,455.9370421985781263,96.6382187051544008,59.2304923220662261,1690.1017541367925787,1081.3500842481996642,229.4134032300510171,140.4846810389282723,175.9081817355034900,78.0717554695809639,16.4531681323754739,10.1381035563219211,0.3132798395921836,0.5577453943187972,-0.5957444519649726,-0.0827376444016333
65,1648.4989473792998069,1538.2567965854241265,21.2467487276649543,78.5599245178651699,0.1933267544686318,-40.6488908147281194,106.9438971993156571,2.5960134371854959,1.0000000000000000,1.0000000000000000,1.0000000000000000,1.0000000000000000,1209.4598366240409177,465.3228525540507121,98.5802243011779922,59.2237582167384247,1725.0321924050620055,1103.6990536352598156,234.0297293502998173,140.4797806439017620,179.4449023357658746,79.6414265510721435,16.7825554857328605,10.1324351826510028,0.3138296458265630,0.5579720514526985,-0.5957370948446062,-0.0827378479660234
66,1682.4090075068165788,1569.7126066370901754,21.2371566505190934,78.5688158939433521,0.1940274555366707,-40.6693056084915838,106.9563791588301314,2.5888484077580598,1.0000000000000000,1.0000000000000000,1.0000000000000000,1.0000000000000000,1234.3031705231376236,474.8809797831021910,100.5604528142090288,59.2174938768525863,1760.5979160331828552,1126.4544872341434711,238.7363965568933111,140.4752204861884195,183.0510034503120664,81.2418901658729027,17.1185272567762645,10.1271928756985670,0.3143234659914253,0.5581723906608870,-0.5957301421281338,-0.0827382589875077
67,1716.9439895211573912,1601.7631750025461770,21.2282709380034227,78.5770750580168027,0.1946540039815507,-40.6879900400410506,106.9676103123438224,2.5822221020396885,1.0000000000000000,1.0000000000000000,1.0000000000000000,1.0000000000000000,1259.6056483374588879,484.6157562483627430,102.5796925504151460,59.2116652745778680,1796.8151645510731669,1149.6267753169170192,243.5353502136428574,140.4709771474281297,186.7279562128653083,82.8737992341099385,17.4611995552730228,10.1223426295980818,0.3147670736090021,0.5583493500305334,-0.5957235790792160,-0.0827388405787689
68,1752.1193803868650321,1634.4219125736494789,21.2200367655563866,78.5847490096199266,0.1952142248227754,-40.7050935268786844,106.9777169587107437,2.5760936541158408,1.0000000000000000,1.0000000000000000,1.0000000000000000,1.0000000000000000,1285.3786095807577112,494.5315446700536199,104.6387437317094538,59.2062405975262607,1833.7002992464747422,1173.2263860579578250,248.4285568820599508,140.4670284026425122,190.4772490778769622,84.5378143632138261,17.8106920597342331,10.1178530949609673,0.3151656354800003,0.5585055390365702,-0.5957173886100784,-0.0827395610837169
69,1787.9507961473934756,1667.7024378579149015,21.2124032198436723,78.5918816715736597,0.1957151085818208,-40.7207524718625109,106.9868124698431302,2.5704253421096057,1.0000000000000000,1.0000000000000000,1.0000000000000000,1.0000000000000000,1311.6334829105308017,504.6327420652118576,106.7384187466375636,59.2011900834931737,1871.2698163252166523,1197.2638739540705046,253.4180064066601972,140.4633531991825350,194.3003890862555636,86.2346044096762512,18.1671276943179265,10.1136953357430830,0.3155237782352178,0.5586432757394419,-0.5957115519651239,-0.0827403934277149
70,1824.4539942967148818,1701.6185806201592641,21.2053229849769806,78.5985141121602595,0.1961629028619638,-40.7350914591843534,106.9949986540666060,2.5651823440745680,1.0000000000000000,1.0000000000000000,1.0000000000000000,1.0000000000000000,1338.3817958086692670,514.9237834721859599,108.8795423590475338,59.1964858641468012,1909.5403597059425920,1221.7498880107264085,258.5057137179088613,140.4599316215690123,198.1989029428444837,87.9648469572572793,18.5306323380233522,10.1098426079988624,0.3158456471487763,0.5587646195189533,-0.5957060492540492,-0.0827413145517165
71,1861.6448856416100170,1736.1843858170332169,21.1987520478115989,78.6046847588786761,0.1965631933108026,-40.7482243404103883,107.0023669697592936,2.5603325126689169,1.0000000000000000,1.0000000000000000,1.0000000000000000,1.0000000000000000,1365.6351837390177479,525.4091454738792208,111.0629518724035592,59.1921018168375923,1948.5287334510878736,1246.6951796955729606,263.6937203832953287,140.4567448458688546,202.1743379222549493,89.7292287190131077,18.9013345579267735,10.1062701578460441,0.3161349581872588,0.5588713999074733,-0.5957008598639936,-0.0827423049199359
72,1899.5395456728742829,1771.4141177558574327,21.1926494209449494,78.6104296037804176,0.1969209752733256,-40.7602552213150418,107.0089996067953848,2.5558461672945620,1.0000000000000000,1.0000000000000000,1.0000000000000000,1.0000000000000000,1393.4053988098817172,536.0933495305292809,113.2894972469300114,59.1880134237253941,1988.2519138373068017,1272.1106106612564872,268.9840959293707101,140.4537750864693066,206.2282626150051215,91.5284458684483440,19.2793653593725587,10.1029550362811342,0.3163950441325449,0.5589652420067456,-0.5956959627742352,-0.0827433480917297
73,1938.1542254593534835,1807.3222644147570008,21.1869768820479187,78.6157824006840258,0.1972407172678735,-40.7712793599014347,107.0149704511040341,2.5516959024208141,1.0000000000000000,1.0000000000000000,1.0000000000000000,1.0000000000000000,1421.7043179634265471,546.9809651304652789,115.5600411662656910,59.1841976374739716,2028.7270610682710412,1298.0071602394300498,274.3789389514026311,140.4510055374203716,210.3622675221512850,93.3632043034258032,19.6648579470417175,10.0998759287752105,0.3166288955037035,0.5590475889065867,-0.5956913367924983,-0.0827444303499182
74,1977.5053620745629814,1843.9235418659486641,21.1816987281171301,78.6207748546199099,0.1975264172636104,-40.7813839837814029,107.0203459457800363,2.5478564109070678,1.0000000000000000,1.0000000000000000,1.0000000000000000,1.0000000000000000,1450.5439507075502661,558.0766127648383872,117.8754590495392733,59.1806327527659448,2069.9715306325683741,1324.3959327076913723,279.8803780210931791,140.4484203100521995,214.5779655028368893,95.2342198447982327,20.0579474916502285,10.0970129977902339,0.3168391969048943,0.5591197214657857,-0.5956869607284202,-0.0827455403786494
75,2017.6095885608685876,1881.2328987475111717,21.1767815432901827,78.6254368041004739,0.1977816526102297,-40.7906490360986353,107.0251858605287936,2.5443043211389682,1.0000000000000000,1.0000000000000000,1.0000000000000000,1.0000000000000000,1479.9364463999772852,569.3849667300758028,120.2366390042972881,59.1772982829137604,2112.0028843077243437,1351.2881643301059285,285.4905723979147183,140.4460043681350214,218.8769920762784409,97.1422183704359981,20.4587708978179208,10.0943477365677694,0.3170283593444202,0.5591827757676839,-0.5956828135167772,-0.0827466689850973
76,2058.4837434313717495,1919.2655207304378564,21.1721939788367273,78.6297963968085156,0.1980096243554154,-40.7991478561543772,107.0295439797876895,2.5410180469738419,1.0000000000000000,1.0000000000000000,1.0000000000000000,1.0000000000000000,1509.8941010885207561,580.9107577595760858,122.6444817148493769,59.1741748408478259,2154.8389008097706210,1378.6952301709452513,291.2117125440269092,140.4437434615584266,223.2610055764382366,99.0879358838740671,20.8674665693356225,10.0918628326749609,0.3171985489969479,0.5592377585196451,-0.5956788743012535,-0.0827478088599242
77,2100.1448797054254101,1958.0368349287909950,21.1679065440026228,78.6338802594052595,0.1982131965927212,-40.8069478025999643,107.0334687187079794,2.5379776493740236,1.0000000000000000,1.0000000000000000,1.0000000000000000,1.0000000000000000,1540.4293639059173984,592.6587754840335265,125.0999002601554082,59.1712440237815116,2198.4975860849194760,1406.6286506794399429,297.0460204385054226,140.4416240592301222,227.7316871552700661,101.0721185157526065,21.2841741688090522,10.0895420399501372,0.3173517128211872,0.5592855606301644,-0.5956751224863955,-0.0827489543722347
78,2142.6102734667356344,1997.5625141998780236,21.1638914063699453,78.6377136622345034,0.1983949313953848,-40.8141108236687984,107.0370036749871758,2.5351647088661000,1.0000000000000000,1.0000000000000000,1.0000000000000000,1.0000000000000000,1571.5548430111962261,604.6338707172967588,127.6038198544463711,59.1684883008085478,2242.9971832372975769,1435.1000980416799848,302.9957496809570330,140.4396332817312043,232.2907406273775734,103.0955224548729774,21.7090343693781058,10.0873700575636978,0.3174896013913188,0.5593269691656424,-0.5956715377662765,-0.0827501013952998
79,2185.8974319292374275,2037.8584812800024793,21.1601222004534328,78.6413206797268884,0.1985571198216953,-40.8206939818666257,107.0401881237035155,2.5325622079488408,1.0000000000000000,1.0000000000000000,1.0000000000000000,1.0000000000000000,1603.2833110643891814,616.8409575626875494,130.1571775034373957,59.1658909027278881,2288.3561820827776501,1464.1214022932842909,309.0631853702824401,140.4377588340932164,236.9398921468334152,105.1589138047633867,22.1421885971070260,10.0853324150231831,0.3176137892550603,0.5593626778614254,-0.5956681001347806,-0.0827512471600097
80,2230.0241009885785388,2078.9409126980986002,21.1565738432627946,78.6447243473240718,0.1987018094128376,-40.8267499362336039,107.0430574615002257,2.5301544224758610,1.0000000000000000,1.0000000000000000,1.0000000000000000,1.0000000000000000,1635.6277102149394977,629.2850153322216329,132.7609215682443846,59.1634357133502959,2334.5933283149797717,1493.7045571839341846,315.2506437387468736,140.4359889389563705,241.6808897043021318,107.2630683604913315,22.5837787636337950,10.0834153620014053,0.3177256930915536,0.5593932963379031,-0.5956647898834212,-0.0827523901331979
81,2275.0082722309189194,2120.8262424059062141,21.1532223555840133,78.6479468158673285,0.1988308285476913,-40.8323273878812927,107.0456436056027059,2.5279268214704942,1.0000000000000000,1.0000000000000000,1.0000000000000000,1.0000000000000000,1668.6011565777287160,641.9710902686980489,135.4160112286973856,59.1611071615118220,2381.7276322650759539,1523.8617257820158102,321.5604715157828650,140.4343122703140807,246.5155024302352444,109.4087712994069506,23.0339469899052425,10.0816057619124528,0.3178265879066736,0.5594193581515636,-0.5956615875916579,-0.0827535299188881
82,2320.8681893647662946,2163.5311650587264012,21.1500446877650035,78.6510095042631292,0.1989458079725181,-40.8374714930259941,107.0479753527614406,2.5258659744284540,1.0000000000000000,1.0000000000000000,1.0000000000000000,1.0000000000000000,1702.2169441647822623,654.9042970583676606,138.1234158375383743,59.1588901130298126,2429.7783772315333408,1554.6052458041021964,327.9950449901548950,140.4327178879753149,251.4455196879161463,111.5968167786172813,23.4928353233923275,10.0798909882086516,0.3179176214740265,0.5594413277922388,-0.5956584741134859,-0.0827546671802614
83,2367.6223540332680386,2207.0726388735811270,21.1470185488081874,78.6539332514145002,0.1990481997776231,-40.8422242461656069,107.0500787024924421,2.5239594655311448,1.0000000000000000,1.0000000000000000,1.0000000000000000,1.0000000000000000,1736.4885482335780580,668.0898201191489534,140.8841141568276214,59.1567697617775963,2478.7651273502679032,1585.9476346503843160,334.5567687319021388,140.4311951728707015,256.4727499378099651,113.8280074309607386,23.9605854531143834,10.0782588223761174,0.3179998272020932,0.5594596067215657,-0.5956554305650338,-0.0827558035810020
84,2415.2895309570894824,2251.4678879857210632,21.1441222375967790,78.6567384683481663,0.1991392940549395,-40.8466248390966982,107.0519771485457596,2.5221958141393719,1.0000000000000000,1.0000000000000000,1.0000000000000000,1.0000000000000000,1771.4296280059177207,681.5329146466755219,143.6990934681395515,59.1547315190189806,2528.7077349692699499,1617.9015941230584303,341.2480739279349677,140.4297337633462917,261.5990193528127179,116.1031537504256050,24.4373384293011320,10.0766973526178099,0.3180741355843583,0.5594745385328735,-0.5956524383175393,-0.0827569417447530
85,2463.8887523505341051,2296.7344042141689897,21.1413344751100176,78.6594452914530677,0.1992202334364744,-40.8507099965263620,107.0536919422366253,2.5205644008645889,1.0000000000000000,1.0000000000000000,1.0000000000000000,1.0000000000000000,1807.0540287050448569,695.2389073980489229,146.5693485488891668,59.1527609001425461,2579.6263474842889991,1650.4800147998889770,348.0714162765302717,140.4283234925983663,266.8261701623861200,118.4230733572421315,24.9232343976951078,10.0751948722112985,0.3181413843682962,0.5594864132996160,-0.5956494789998671,-0.0827580852315707
86,2513.4393215441155007,2342.8899481392036250,21.1386342365029982,78.6620737378176784,0.1992920256799832,-40.8545142939528958,107.0552423307288166,2.5190553986977227,1.0000000000000000,1.0000000000000000,1.0000000000000000,1.0000000000000000,1843.3757828503687506,709.2131971899659675,149.4958805082808908,59.1508434078306209,2631.5414135844011980,1683.6959800302067833,355.0292733757093515,140.4269543274894261,272.1560587020159119,120.7885901321910467,25.4184123625200868,10.0737397764976233,0.3182023275590911,0.5594954711673551,-0.5956465345157215,-0.0827592385307416
87,2563.9608157387428946,2389.9525493814971924,21.1360005819639198,78.6646438635948329,0.1993555544401528,-40.8580704585113210,107.0566457732086008,2.5176597085622809,1.0000000000000000,1.0000000000000000,1.0000000000000000,1.0000000000000000,1880.4091107430065222,723.4612550855241579,152.4796954784401635,59.1489644107002377,2684.4736888473817089,1717.5627695149069041,362.1241415292033139,140.4256163090790892,277.5905531436654314,123.2005332093311978,25.9230099972943506,10.0723204574334311,0.3182576433570708,0.5595019052334574,-0.5956435870810329,-0.0827604070693425
88,2615.4730878067412050,2437.9405059606215218,21.1334124853104619,78.6671759263543038,0.1994115883357624,-40.8614096568410474,107.0579181375113080,2.5163688987463573,1.0000000000000000,1.0000000000000000,1.0000000000000000,1.0000000000000000,1918.1684200676259024,737.9886242410361774,155.5218031593839783,59.1471090163627764,2738.4442406147545626,1752.0938624255688865,369.3585318803260407,140.4242994953124537,283.1315308826397654,125.6597358162346438,26.4371635291808147,10.0709251945921441,0.3183079411115651,0.5595058637486304,-0.5956406192881608,-0.0827615972362723
89,2667.9962670472700665,2486.8723825976499029,21.1308486593172020,78.6696905522841803,0.1994607883974255,-40.8645617719899477,107.0590738795922618,2.5151751476320428,1.0000000000000000,1.0000000000000000,1.0000000000000000,1.0000000000000000,1956.6683045299218975,752.8009193818178346,158.6232152207738864,59.1452619378114051,2793.4744520660037779,1787.3029400111947780,376.7349657685224429,140.4229939065228336,288.7808755568433412,128.1670339510705503,26.9610077308163341,10.0695420414370460,0.3183537673579041,0.5595074516646323,-0.5956376142036417,-0.0827628164214693
90,2721.5507587922779749,2536.7670078088099217,21.1282873768705208,78.6722089091731505,0.1995037139560920,-40.8675556717760955,107.0601262079992466,2.5140711891043610,1.0000000000000000,1.0000000000000000,1.0000000000000000,1.0000000000000000,1995.9235414426948410,767.9038258734657347,161.7849435695692080,59.1434073519603416,2849.5860253990554156,1823.2038876331232586,384.2559691855448136,140.4216894745874811,294.5404736764127165,130.7232648867651221,27.4946760639969305,10.0681587056249882,0.3183956109914068,0.5595067315444814,-0.5956345555094216,-0.0827640730703746
91,2776.1572427533474183,2587.6434696216228986,21.1257062870978416,78.6747528858937812,0.1995408270078845,-40.8704194713435527,107.0610872353300920,2.5130502600637650,1.0000000000000000,1.0000000000000000,1.0000000000000000,1.0000000000000000,2035.9490881688834634,783.3030983533628842,165.0079985009597578,59.1415287491009067,2906.8009840115369116,1859.8107961606299341,391.9240661868527127,140.4203759968998213,300.4122108450063138,133.3292654939305635,28.0383010327133206,10.0667624220039702,0.3184339076163925,0.5595037238419517,-0.5956314276967627,-0.0827653767536971
92,2831.8366699890239033,2639.5211097242672622,21.1230822257837367,78.6773452791475734,0.1995724950677052,-40.8731807905080302,107.0619681185636267,2.5121060493549452,1.0000000000000000,1.0000000000000000,1.0000000000000000,1.0000000000000000,2076.7600773267758996,799.0045588859511554,168.2933867612028394,59.1396087719669410,2965.1416735625630281,1897.1379626502719020,399.7417710895597907,140.4190430966442307,306.3979675598547487,135.9858703768387898,28.5920148195477033,10.0653398168787902,0.3184690430964282,0.5594984065506524,-0.5956282163266721,-0.0827667382527032
93,2888.6102583681076794,2692.4195158407042072,21.1203910195085029,78.6800099879927615,0.1995989924992357,-40.8758670105689461,107.0627791899577801,2.5112326473952118,1.0000000000000000,1.0000000000000000,1.0000000000000000,1.0000000000000000,2118.3718106617438934,815.0140946049654076,171.6421095657303226,59.1376290430172418,3024.6307617797169769,1935.1998902223920140,407.7115792589547709,140.4176801913387465,312.4996145858611385,138.6939098203499157,29.1559503001191622,10.0638767619914500,0.3185013563163496,0.5594907142143462,-0.5956249083711406,-0.0827681696603196
94,2946.4994863984575204,2746.3585120991883741,21.1176072831722408,78.6827722165442651,0.1996205002853367,-40.8785055293757793,107.0635300801857284,2.5104244957928623,1.0000000000000000,1.0000000000000000,1.0000000000000000,1.0000000000000000,2160.7997514913963641,831.3376548068122247,175.0551606353646434,59.1355699784623638,3085.2912368587367382,1974.0112870372165617,415.8359562516727124,140.4162764721443750,318.7190079111261412,141.4542075510678956,29.7302425561671484,10.0623582165342107,0.3185311411540356,0.5594805362834606,-0.5956214926537576,-0.0827696844984018
95,3005.5260852904648345,2801.3581471412771862,21.1147042108503804,78.6856586849713864,0.1996371041782634,-40.8811240176798520,107.0642298352887281,2.5096763359599095,1.0000000000000000,1.0000000000000000,1.0000000000000000,1.0000000000000000,2204.0595156389435942,847.9812474623072376,178.5335243389087907,59.1334105875086919,3147.1464042852994680,2013.5870642613886048,424.1173250438748141,140.4148208971304257,325.0579833081563947,144.2675783234903122,30.3150310402282344,10.0607680553721952,0.3185586476447889,0.5594677147965113,-0.5956179604115325,-0.0827712978515043
96,3065.7120291261635430,2857.4386796908179349,21.1116533602559073,78.6886978486017625,0.1996487911407524,-40.8837506790827874,107.0648870289485473,2.5089831558428033,1.0000000000000000,1.0000000000000000,1.0000000000000000,1.0000000000000000,2248.1668607825208710,864.9509351189758490,182.0781740629623755,59.1311282551884148,3210.2198818890205985,2053.9423329034507333,432.5580510247814914,140.4133022025318667,331.5183505473286232,147.1348253518219451,30.9104625851803760,10.0590888814650281,0.3185840823050759,0.5594520413580101,-0.5956143060047865,-0.0827730265175472
97,3127.0795230154071760,2914.6205612809144441,21.1084244315547913,78.6919201244812427,0.1996554439641786,-40.8864145129940511,107.0655098715901516,2.5083401335399991,1.0000000000000000,1.0000000000000000,1.0000000000000000,1.0000000000000000,2293.1376741704289088,882.2528301746626767,185.6900709721186047,59.1286985070888562,3274.5355929191750874,2095.0923993835967849,441.1604243805882675,140.4117089370757867,338.1018873398886058,150.0567376217501874,31.5166955022317730,10.0573018203070532,0.3186076075666232,0.5594332533794690,-0.5956105278063442,-0.0827748891755695
98,3189.6509891353043713,2972.9244158084065930,21.1049850418510445,78.6953581242297986,0.1996568339189516,-40.8891455823554395,107.0661063177874723,2.5110019187894794,1.0000000000000000,1.0000000000000000,1.0000000000000000,1.0000000000000000,2338.9879586851402564,899.8930895158518979,189.3701633764335668,59.1260947542296691,3340.1177569101200788,2137.0527596892447946,449.9266394269904481,140.4100295257241271,344.8103331275501660,153.0340871341381330,32.1339050734539526,10.0553862939830623,0.3186293402535278,0.5594110295452962,-0.5956066293091915,-0.0827769065706808
99,3253.3935510128103488,3032.2989148894971549,21.0983506639560439,78.7020516440104814,0.1995976920335073,-40.8941184678726088,107.0670228682769221,2.5120366261791149,1.0000000000000000,1.0000000000000000,1.0000000000000000,1.0000000000000000,2385.6658564389763342,917.8517615414307329,193.0429839232979816,59.1207362067708715,3406.9770301638413912,2179.8302318673095215,458.9265916316349490,140.4073876780964270,351.5992010200978939,156.0471296702676796,32.6722777918634790,10.0513193694439789,0.3186379156710921,0.5593446067067791,-0.5956036420149716,-0.0827811883293922
100,3318.3459656855302455,3092.8119997590788444,21.0901482459751541,78.7103383963795267,0.1995133576450424,-40.9002382950761856,107.0678736104627120,0.0250000000000000,1.0000000000000000,1.0000000000000000,1.0000000000000000,1.0000000000000000,2433.2064003623308963,936.1423246841760601,196.9041759126006639,59.1143806182176377,3475.1455105222671591,2223.4453525535218432,467.6699934264319154,140.4034316032006018,358.4792124618076059,159.1006236328891248,33.4645452486979309,10.0466933008326311,0.3186443874490299,0.5592527378139668,-0.5955970500889247,-0.0827867175290296
