period,rgdp,ngdp,iy,cy,tby,nfay,reer,rir,pi,tau_a,tau_s,tau_i,tau_t,y0,va0,i0,l0,y1,va1,i1,l1,y2,va2,i2,l2,tbsm0-1,tbsf0-1,tbsm1-1,tbsf1-1
0,98.5555463025604581,98.8483326133925857,17.3271829087741196,85.1600087608675835,-2.4871916696427192,-7.2838861411653708,95.0309483871375562,2.5324025166227226,100.4634881202890426,1.0000000000000000,1.0000000000000000,1.0000000000000000,1.0000000000000000,47.6845675510893798,16.3502763575345753,2.6406464443361553,10.4451739932143255,120.6647561635655279,78.8695582357069895,14.0656134290170769,52.0046397310352262,7.4143815137114082,3.3491100802839178,0.7108299342287069,2.1397024685698143,-1.5404060930372696,-2.3739591389566055,1.3351516861195878,0.0920218762315677
1,100.8109687748257670,101.2739873690039900,17.7068999828846572,85.0980725240184768,-2.8049725069021094,-9.7785631349477686,93.7054184628076143,2.8634969973660107,100.5067408973495020,1.0000000000000000,1.0000000000000000,0.9999999999999999,1.0000000000000000,48.5026940530349933,16.6307988638549276,2.8110776172176415,10.5377307849410577,123.4755012696542877,80.7067328331503262,14.6516109564162171,52.6733416425094418,7.7405611946835222,3.4964469357596313,0.7677530204475770,2.2250533006852096,-1.7019763008797755,-2.4909425713043207,1.3111168279794361,0.0768295373025507
2,103.3054127936994746,104.0440280384681841,18.2732006810772880,85.0256726662251481,-3.2988733473026750,-12.5992507758095353,91.5332079777741541,3.0872227977559064,100.5987044789526976,1.0000000000000000,1.0000000000000000,1.0000000000000000,1.0000000000000000,49.3081494536217022,16.9069766519653406,3.0392940341262444,10.6038501504680767,126.6026676486451805,82.7507284345357021,15.4591210456744879,53.4634879971784542,8.1712749050399598,3.6910022909707982,0.8330155271950732,2.3481120698246740,-1.9415306182143182,-2.6719184913334817,1.2649796809195621,0.0495960813255623
3,106.0283136071370222,107.1259918504636630,18.9627386780884173,84.9127592665633131,-3.8754979446508799,-15.9174327843079535,88.8912885971943467,2.6274591081004939,100.7192615033029739,1.0000000000000000,1.0000000000000000,1.0000000000000000,1.0000000000000000,50.1706028561301309,17.2026981442783544,3.3253999308377842,10.6603536350290007,130.0122984681436265,84.9793499892518724,16.4390985769274032,54.3226086406414623,8.6862317000814713,3.9236106332842922,0.9004834496114289,2.4986926786516923,-2.2139504226878008,-2.8846999733420371,1.2080804952610786,0.0150719561178799
4,109.0383219873784242,110.1198795546955864,19.1395131770676947,84.6730977330261823,-3.8126109024818202,-19.7607220533029597,89.4231929766556561,4.0930396909812927,100.6686203428113373,1.0000000000000000,1.0000000000000000,1.0000000000000000,1.0000000000000000,51.7592152119134070,17.7474079398368794,3.5201737620824907,10.9148698868901093,133.5516459069270638,87.2927576305115736,16.9533444985457642,55.1329609058736878,9.0152000050884329,4.0722071230056889,0.9460632928312439,2.5590968204458546,-2.1815314525472300,-2.8685173177940695,1.2199682342468208,0.0174696336126582
5,113.7556693261747682,115.0721800342945045,20.0572298405944416,83.9610297340448426,-4.0182595758942208,-23.4821613596241576,88.5722124042380443,3.1148397346909995,100.6735275163447056,1.0000000000000000,1.0000000000000000,1.0000000000000002,1.0000000000000000,54.1900531617950847,18.5809034353840588,3.9200548117568408,11.2000128943474611,138.9787239765203424,90.8400340968834428,18.4361195724329150,55.9913387346301619,9.8002279484876276,4.4268078396913246,1.0293076210557024,2.7576256637798897,-2.2745578856796058,-2.9662455751710723,1.2164055481156346,0.0061383368408212
6,117.0311803800330210,118.6842850155388049,20.6342367430890938,83.6912747221182940,-4.3255114663958256,-27.4939814642119060,86.5488447021668037,2.7350075532862839,100.7688615395434795,1.0000000000000000,1.0000000000000000,0.9999999999999999,1.0000000000000000,55.5601090050129827,19.0506736946585598,4.2592278834457558,11.3098655976112479,142.9428075319956406,93.4310600830128521,19.4928559801417194,56.8011051681620884,10.3636351588155442,4.6813014564447117,1.0780471909527147,2.8983750328247142,-2.4335447390143230,-3.0899475635368390,1.2103398678148694,-0.0123590316595328
7,120.4806493287902214,122.1320606264094408,20.8018732746765345,83.3734540870844256,-4.1753273628509495,-31.7669299192618091,86.9154535932936625,3.4355849706878772,100.7339287633402165,1.0000000000000000,1.0000000000000000,0.9999999999999999,1.0000000000000000,57.4911140790961213,19.7127844829179679,4.5156550206872250,11.5544729712308065,146.9323809064662498,96.0387468641215634,20.1246801992423201,57.5040575840431174,10.7544571944080030,4.8578375595005401,1.1019285448061005,2.9594900873892720,-2.3691986649026244,-3.0460759460507183,1.2449889063730699,-0.0050416582706767
8,125.7909697707713974,127.0827084639210938,21.0063324671617977,82.5992499151927007,-3.6055823833511629,-35.7288095335062224,90.2375964370107511,3.5695024424178268,100.5166263687391677,1.0000000000000000,1.0000000000000000,1.0000000000000000,1.0000000000000000,61.1486063801995385,20.9668801572579930,4.7900783116627697,12.0807898125343129,152.6859301309814327,99.7994131933170650,20.9856061507052907,58.1581536901003844,11.2910650698300117,5.1002257939624567,1.1349475165559906,3.0253246321124596,-2.0659034824218425,-2.8574315735933942,1.2945099190987499,0.0232427535653237
9,131.2933592830566170,132.3489336870212583,21.3279856667377388,81.8376812782920666,-3.1656669459493578,-39.1174328850413247,92.7100149533804796,2.8047995092237654,100.3525285724346219,1.0000000000000000,1.0000000000000000,1.0000000000000000,1.0000000000000000,64.8408808254329330,22.2329020731063132,5.0842248753583723,12.5702513816833719,158.6911295108996285,103.7245644741887673,22.0716419563753661,58.8577488063981775,11.9126939185365739,5.3810183913690475,1.1712457623274988,3.1197866560653127,-1.8244578204736135,-2.7177442098995623,1.3331838916336987,0.0433511927901197
10,135.3073353013665781,136.3416069335728196,21.4462084522695520,81.4814494068759956,-2.9276578599891439,-42.1960936236351287,93.1043124954054093,1.7784385757329213,100.3223372138436247,1.0000000000000000,1.0000000000000000,1.0000000000000000,1.0000000000000000,67.2534606067019780,23.0601371343467463,5.3017036266116451,12.8533469122462431,163.2680398886555793,106.7161496814610047,22.8331065935164013,59.6192534694645246,12.3361162440872221,5.5722801946761020,1.1854948814549389,3.1823831881580866,-1.7214837040486322,-2.6454130270492766,1.3828471108696705,0.0563917602390943
11,137.4176683874303535,138.5189782088666277,21.1831865279510403,81.5849934175610088,-2.7681799462733228,-45.2043378004193386,92.2661469322861763,2.4088635671516645,100.3816940291568187,1.0000000000000000,1.0000000000000000,0.9999999999999999,1.0000000000000000,68.2412628074563798,23.3988387268821363,5.3936624986203023,12.9190775916818286,165.9355274173708494,108.4596874772350219,22.9354140524167356,60.2511125820109825,12.4190797747640946,5.6097552013738321,1.1720376127297525,3.1650013932689181,-1.6915075804918047,-2.5918775878105915,1.4468197272666512,0.0683854947624225
12,141.4094254493758172,142.2861576849244045,20.9828163444581151,81.2327474051538303,-2.2155637502983394,-47.8273905468284255,94.0108319435136650,2.4360711850271333,100.2866998261773546,1.0000000000000000,1.0000000000000000,0.9999999999999999,1.0000000000000000,70.9703874018028387,24.3346119470943343,5.5262815028824477,13.2709563358335778,170.4164339413561322,111.3885221202451135,23.2777182565022294,60.9219392399430149,12.6600943045913539,5.7186225681051823,1.1755317843615609,3.1620034206127445,-1.4453039947991015,-2.4089033031419258,1.5358328249105690,0.1028107227321186
13,145.3838767965645786,146.0347839043829481,20.8131223282583768,80.9534126811508941,-1.7665350100323927,-49.9461702434741497,95.6939083549274159,2.6281476270035409,100.1966947323763293,1.0000000000000000,1.0000000000000000,1.0000000000000000,1.0000000000000000,73.6668169947649289,25.2591745736994611,5.6517105138787516,13.6007229126710296,174.8894436196351592,114.3121951837508874,23.6449640970315578,61.5748474013444422,12.9073032733388775,5.8302879912612244,1.1839154645720651,3.1636055956364943,-1.2239420501310263,-2.2573841539763619,1.5885619264932671,0.1262292675817287
14,149.2552848543336665,149.9298850794903046,20.8892233879531197,80.7380372651618643,-1.6272606536901324,-51.6930136874784338,95.5675923693918605,3.1415315557253187,100.1999239870291518,1.0000000000000000,1.0000000000000000,0.9999999999999999,1.0000000000000000,75.9205311508196843,26.0319371502480088,5.8612789511690551,13.7970879827968496,179.3674889723808974,117.2391596923582426,24.3324882195151098,62.2143735084137646,13.2875990606957100,6.0020693397892053,1.2038978992920462,3.2152712916384765,-1.1637127826166012,-2.2152547467439732,1.6193855983912113,0.1323212772792313
15,155.0853514432083102,155.5772550978703066,20.9671278959406244,80.0174650023407992,-0.9845928988092397,-52.9990462819208616,97.4555045318772386,2.1966643861580426,100.0865731631417503,1.0000000000000000,1.0000000000000000,1.0000000000000000,1.0000000000000000,80.0072680950048465,27.4332139546645166,6.0958054483753967,14.2574022450385307,185.7608731902027728,121.4180384712390577,25.2751443096957935,62.8309290573445622,13.8177547721463192,6.2415431022407066,1.2301824026087478,3.2695272861484650,-0.8813156213500847,-2.0164000315020725,1.7363880140402603,0.1767347400026573
16,156.9373057842217349,158.0942025986376507,21.2333225444675833,80.2780321802280241,-1.5113547251935224,-54.2911498206899097,92.6300727558763981,2.1090819940781769,100.3519253250834424,1.0000000000000000,1.0000000000000000,1.0000000000000002,1.0000000000000000,79.8798208768267841,27.3895143397738572,6.3817017428124103,13.9940698616196588,188.4699568288458238,123.1887645440098709,26.0844134217000239,63.3937801538375112,14.1817534085514776,6.4059629530589692,1.2358066169268860,3.3612805587512913,-1.2182885155726648,-2.2028245236642210,1.7570485803572737,0.1527097336860899
17,161.5980812576953554,162.1058925250810603,20.6393594582219784,79.8629023873850628,-0.5022618460484700,-55.5693358136945079,96.9777417323961970,2.2354626590870508,100.1245213333415336,1.0000000000000000,1.0000000000000000,1.0000000000000000,1.0000000000000000,83.7958210008168294,28.7322482164054840,6.3778327288560499,14.5031968894727026,193.4774233362454368,126.4617722048661648,25.9037992120800915,63.8096305754561826,14.1970861707393539,6.4128888319481323,1.2081941427733913,3.2644165696154137,-0.7197155587148426,-1.8597120101947864,1.8643407086812751,0.2128250141798834
18,166.1098981251092539,166.1695831935593333,20.2156699923915859,79.5268769018277624,0.2574531053890099,-55.9231683505853354,100.1215538034429500,2.3469189229024856,99.9662725244994732,1.0000000000000000,1.0000000000000000,1.0000000000000000,1.0000000000000000,87.3567393439549704,29.9532302235201229,6.3933476779273306,14.9115369900279440,198.4317692389245167,129.7000588853738634,25.9577347976017698,64.2255217662403908,14.2939952735193785,6.4566631174217948,1.2009750905476295,3.2036145067363950,-0.3377481499150624,-1.6037347493887777,1.9426275135417130,0.2563084911511372
19,170.5008097966064042,170.2590270366802656,19.9279334667981090,79.2722183575025667,0.7998481753414058,-55.6037330979772264,102.2599917538173173,2.4232940336357256,99.8621713278978689,1.0000000000000000,1.0000000000000000,1.0000000000000000,1.0000000000000000,90.5811201926250362,31.0588189006369610,6.4288163296807559,15.2253420633503076,203.3479450162269018,132.9133965996550160,26.2004046413111631,64.6208394121213416,14.4600104875633679,6.5316529497910896,1.2079757926994803,3.1696005045015929,-0.0616958585206279,-1.4222011702134747,1.9973240918725985,0.2864211122029100
20,174.7746115628617645,174.3361433292333231,19.7363424851448741,79.0941456330124879,1.1695118815157046,-54.8192131706290269,103.6134003908988319,2.4510531454641660,99.7985232719412636,1.0000000000000000,1.0000000000000000,1.0000000000000000,1.0000000000000000,93.4990940592582831,32.0593455190738581,6.4793451122118562,15.4537774214398489,208.2163842222758205,136.0955324750052853,26.5765271586636231,64.9705971094160617,14.6751201686220050,6.6288189777150448,1.2241171088535243,3.1525333345221851,0.1271459639922034,-1.2989676044061174,2.0347060113040900,0.3066275106255290
21,178.8970090651915257,178.3348929040724045,19.6010447051522547,78.9889282274928632,1.4100270670556576,-53.7322274309398580,104.3847469178372336,2.4458376826753891,99.7642159344205623,1.0000000000000000,1.0000000000000000,1.0000000000000000,1.0000000000000000,96.1256374563890290,32.9599452856992841,6.5364214942103986,15.6026194128583047,212.9885299737193236,139.2147284956110127,27.0245352186575758,65.2398914755723496,14.9140332187756073,6.7367370964551041,1.2452809852262492,3.1423749607549829,0.2486857955960955,-1.2186476363317238,2.0601182834041141,0.3198706243871717
22,182.8502003661068329,182.2181187449654658,19.4957206578169888,78.9488598664440104,1.5554194754635533,-52.4596132185311177,104.7182842497718411,2.4455819443163884,99.7516780369687979,1.0000000000000000,1.0000000000000000,1.0000000000000000,1.0000000000000000,98.4802886299842868,33.7673175528930116,6.5951110471083716,15.6796174086023985,217.6365188643287354,142.2527724294164955,27.5025816002961356,65.4125507300435913,15.1598206737091861,6.8477604153122593,1.2690434234184675,3.1329386500186849,0.3186233725847897,-1.1695936094909622,2.0779949716317070,0.3283947407380187
23,186.7025429104026841,186.0395804231224020,19.4119181884836856,78.9554724519144031,1.6326093593485800,-51.0778965511468783,104.7481877331951523,2.4682657947057596,99.7537716186019310,1.0000000000000000,1.0000000000000000,1.0000000000000000,1.0000000000000000,100.6401707568155643,34.5079066257739768,6.6573303527288141,15.7064164963849677,222.2241955146124894,145.2513947466544835,28.0042212754644595,65.5191778290551952,15.4128248561158419,6.9620435630144835,1.2948373277722875,3.1240630959423443,0.3509127305176677,-1.1429617389582236,2.0909280980915326,0.3337302696976035
24,190.5585422050538398,189.8935095157544879,19.3506979999353241,78.9877516473332690,1.6615503524978588,-49.6374565896886537,104.5822417560421940,2.5023777378703205,99.7646869170760908,1.0000000000000000,1.0000000000000000,1.0000000000000000,1.0000000000000000,102.7021573678488267,35.2149288903632183,6.7279000889159413,15.7076212635107115,226.8550061100652044,148.2782105091750964,28.5427719985007258,65.6063954804371150,15.6822773064449734,7.0837564686541032,1.3229045638759767,3.1183407787897095,0.3566429875563189,-1.1324206859743238,2.1004342747937885,0.3368937761220747
25,194.4819340979342996,193.8367380970475438,19.3108389709309627,79.0329486995695731,1.6562123292835171,-48.1760462377158731,104.2912672546666357,2.4670077159811621,99.7807805167782931,1.0000000000000000,1.0000000000000000,1.0000000000000000,1.0000000000000000,104.7282258796353318,35.9096354125837678,6.8088581085812541,15.6976572698668644,231.5915449572569287,151.3741329501726227,29.1248523003857009,65.6987117054352865,15.9727931012885325,7.2149837834601929,1.3531275007669086,3.1167875359909254,0.3435519755992751,-1.1335036149667168,2.1075841099827537,0.3385798586682054
26,198.2926692643081310,197.6882610433819707,19.2646079541901543,79.1125497966052933,1.6228422490073553,-46.7387852810405278,103.8562704843338764,2.5032231586901821,99.8042812840921414,1.0000000000000000,1.0000000000000000,1.0000000000000000,1.0000000000000000,106.5976725418948945,36.5506388049468427,6.8872919484108435,15.6490712740012334,236.2441778117783997,154.4152122970834000,29.6854789636055862,65.7120207942290619,16.2517406583862893,7.3409856723054059,1.3830343336322859,3.1095532529061383,0.3127035493856374,-1.1435890886248443,2.1143306661924637,0.3393971220540983
27,202.2183310600532025,201.6691333711575282,19.2352171581658027,79.1936272892813093,1.5711555523693999,-45.3324311392854682,103.3704701147145073,2.5307797115690089,99.8294964897683599,1.0000000000000000,1.0000000000000000,1.0000000000000000,1.0000000000000000,108.4853866247835157,37.1979058039852717,6.9777729068371173,15.6023285044629230,241.0473998417513144,157.5547205649198190,30.2874067696594089,65.7499900235849992,16.5527594088625243,7.4769572202639329,1.4152475381577656,3.1066059379557611,0.2718675322873055,-1.1601234530254418,2.1199044192729977,0.3395070538345387
28,206.2475310890874312,205.7657300898417247,19.2173614974860101,79.2767579229803800,1.5058805793647865,-43.9754831058438640,102.8488057871125960,2.5426687795257585,99.8559716354257176,1.0000000000000000,1.0000000000000000,1.0000000000000000,1.0000000000000000,110.3899966498770482,37.8509661516595131,7.0782320590145096,15.5557616033724617,245.9877968453689903,160.7838898896906414,30.9221977130762582,65.8022982674087871,16.8716431224509513,7.6209984538641153,1.4492163789487418,3.1063718491601242,0.2234692308553310,-1.1814663869604292,2.1247385055560315,0.3391392299138534
29,210.3439932887144721,209.9401967092602206,19.2039763851905825,79.3657308052703598,1.4302928093844469,-42.6835230447492862,102.2968552818041985,2.5488462418555402,99.8838144249971407,1.0000000000000000,1.0000000000000000,1.0000000000000000,1.0000000000000000,112.2912453503569594,38.5028739548275780,7.1854174810260032,15.5041358953794006,251.0261038996330285,164.0770557175567603,31.5744194486719962,65.8499756162308358,17.2006995510099934,7.7696347493975049,1.4843009347477996,3.1064891843706190,0.1690187480826335,-1.2063897737465110,2.1292013397298337,0.3384624953184907
30,214.4989848102210317,214.1823025828756499,19.1921699735890954,79.4607658128346230,1.3470642134320421,-41.4668223150752624,101.7237501876022634,2.5691599277014365,99.9127681760650290,1.0000000000000000,1.0000000000000000,1.0000000000000000,1.0000000000000000,114.1877515099842100,39.1531556165087835,7.2983945288274832,15.4468398650274903,256.1519136638188456,167.4274155455218249,32.2378580037151252,65.8881385656719232,17.5371575327275586,7.9216143603843987,1.5204097376474597,3.1061490688948328,0.1100174632956670,-1.2339551572070322,2.1334248990046918,0.3375770083387157
31,218.7647285109195820,218.5429249526071942,19.1865544118693876,79.5548486799966810,1.2585969080007098,-40.3294162829104792,101.1466914946137194,2.5786363015416924,99.9418097021802652,1.0000000000000000,1.0000000000000000,1.0000000000000000,1.0000000000000000,116.1199423871960761,39.8156729977154740,7.4204949081100819,15.3918315082767201,261.4189553331924571,170.8700881442171067,32.9267730933031757,65.9373383816615330,17.8886375395147432,8.0803794888812703,1.5582330120235486,3.1073477108238818,0.0482933018711542,-1.2634974773705394,2.1372826118483985,0.3365184716516963
32,223.1143732350788582,222.9945152554472259,19.1827201582530904,79.6510520212343636,1.1662278203898988,-39.2782391736259129,100.5644476101146267,2.5959925281366258,99.9712716130537586,1.0000000000000000,1.0000000000000000,1.0000000000000000,1.0000000000000000,118.0715618668562570,40.4848521362911526,7.5497411937545396,15.3350400481193212,266.7984825109584790,174.3862841364607732,33.6303274609123335,65.9844762985951121,18.2498676442605259,8.2435487812718549,1.5974693488779130,3.1085454918684605,-0.0155884648298850,-1.2944661412984126,2.1409369246975052,0.3353455018206910
33,227.5800848395752212,227.5685457011088317,19.1833846245013682,79.7452401963486182,1.0713751790360657,-38.3154749765080211,99.9852988920268899,2.6272786641163837,100.0006634133452366,1.0000000000000000,1.0000000000000000,1.0000000000000000,1.0000000000000000,120.0674447656513024,41.1692084940920893,7.6884509252518551,15.2808403962720547,272.3235395408406134,177.9976021470255318,34.3572280064437550,66.0410672861788299,18.6256345414655122,8.4132844093804042,1.6386448972308096,3.1108913969989156,-0.0805705399093569,-1.3264648022109571,2.1443352367917230,0.3340752843646569
34,232.2155347393821216,232.3179166674087526,19.1933774563747548,79.8311866924597382,0.9754358510609493,-37.4412055878628109,99.4203651879815453,2.6657503021575657,100.0292263537968722,1.0000000000000000,1.0000000000000000,1.0000000000000000,1.0000000000000000,122.1471021081800359,41.8822897701860768,7.8402283557474597,15.2358804376945187,278.0498159176628405,181.7404422482671578,35.1235682799020097,66.1252156148348433,19.0243171562504720,8.5933711720511710,1.6824243944307460,3.1162977515783510,-0.1454731907499660,-1.3591528075452795,2.1473527023722672,0.3327091469839276
35,237.0540999762955323,237.2754073837258204,19.2149909214021015,79.9055016488273253,0.8795074296731632,-36.6556518874625681,98.8757793686448707,2.7093923632018013,100.0565541809326504,1.0000000000000000,1.0000000000000000,1.0000000000000000,1.0000000000000000,124.3353171938426982,42.6325937619749951,8.0071011763267528,15.2033062656799967,284.0119155528924466,185.6374224381613374,35.9393171623031549,66.2449607389347221,19.4509434790718529,8.7860802355965557,1.7290406251677821,3.1256650575379430,-0.2094771171968395,-1.3922199001736717,2.1499485871029056,0.3312558599407686
36,242.1238485070195736,242.4688126814143061,19.2499060527622774,79.9656570054013827,0.7844369417474256,-35.9584147464129913,98.3550752460515696,2.6934661549174566,100.0823853329028594,1.0000000000000000,1.0000000000000000,1.0000000000000000,1.0000000000000000,126.6525670844105065,43.4271417267784372,8.1907020053908024,15.1851149212937901,290.2390469271409756,189.7076341236426060,36.8133712603847343,66.4051534725327031,19.9097963883102018,8.9933461957924070,1.7785209403741991,3.1396309956874981,-0.2719896091071384,-1.4254230831323051,2.1521241524133869,0.3297254815734823
37,246.9570854062666285,247.4747445808142743,19.3051351453019393,80.0162979416183475,0.6785669129985767,-35.3907119150400788,97.6483573515623249,2.7098496940211270,100.1181371906112219,1.0000000000000000,1.0000000000000000,1.0000000000000000,1.0000000000000000,128.7786642280151739,44.1561464686932439,8.3850605231199538,15.1224060085013630,296.2049751561766584,193.6071167799715056,37.7026850681111512,66.4208753892131369,20.3729347875564741,9.2025479314481444,1.8278313878484900,3.1512287040469520,-0.3471061414957158,-1.4636907612832954,2.1603465822174015,0.3290172335601866
38,252.0167022334681803,252.6994775545942105,19.3611527821684959,80.0607847792285128,0.5780624385270036,-34.9156463185980996,97.0201698033206412,2.7397542932804386,100.1502150566515610,1.0000000000000000,1.0000000000000000,1.0000000000000000,1.0000000000000000,131.0430957348324341,44.9325838535872819,8.5942484993472750,15.0749343482734979,302.4314520682140142,197.6769006922808956,38.6248231057422373,66.4747403745417813,20.8575862081765919,9.4214671973668285,1.8777351671526299,3.1646516332123298,-0.4165257425787711,-1.5000473869326609,2.1665248255583731,0.3281107424800624
39,257.4114250872430603,258.2397773006960620,19.4166566419378981,80.0961499238792527,0.4871934341124496,-34.5214843834760643,96.5169297747714410,2.7765564679432364,100.1758870111512749,1.0000000000000000,1.0000000000000000,1.0000000000000000,1.0000000000000000,133.5273924269608017,45.7844094977411942,8.8198394361095254,15.0549653810584019,309.0360735674094599,201.9938495389639854,39.5905303346300457,66.6014305644908120,21.3704559103025602,9.6531327902535491,1.9286909521214508,3.1813153274788202,-0.4762934735413888,-1.5328132487043118,2.1694292147245728,0.3268709416335774
40,263.2000505426534005,264.1454860598421419,19.4698697879350320,80.1207223257766259,0.4094078862225701,-34.1972131050954076,96.1651893177645007,2.8139798098649083,100.1934820884833357,1.0000000000000000,1.0000000000000000,1.0000000000000000,1.0000000000000000,136.2800432450007406,46.7282494841797131,9.0610683665865306,15.0681722820731068,316.0802652116668128,206.5981126293160344,40.6036691038694997,66.8141813859908922,21.9139369213634829,9.8986256515557329,1.9808732355835577,3.2015360522866141,-0.5237559961612224,-1.5606492505124738,2.1685434614440977,0.3252696714521683
41,269.3818786349922902,270.4135040379694601,19.5203863206980479,80.1333545197655468,0.3462591594771861,-33.9333682432384975,95.9621083447266585,2.8389998702679664,100.2029454346722019,1.0000000000000000,1.0000000000000000,1.0000000000000000,1.0000000000000000,139.3076946329282748,47.7663827723520527,9.3158112421010077,15.1129825114262477,323.5591268029007210,211.4864870690492467,41.6640235886274937,67.1040912216959384,22.4872093691804231,10.1575754412559505,2.0342341456193305,3.2248901912838632,-0.5584207113113097,-1.5830238308210689,2.1643022781763266,0.3234014234332383
42,275.8801480035916711,276.9696559617919434,19.5659622733677416,80.1363907132019193,0.2976470133753295,-33.7230350115813309,95.8820591841047190,2.8517090246406251,100.2056663875752633,1.0000000000000000,1.0000000000000000,1.0000000000000000,1.0000000000000000,142.5641476721681329,48.8829684911982838,9.5790229979462094,15.1795578963002029,331.3851240503289546,216.6017582160098414,42.7577796623317212,67.4374198205822353,23.0818186479697935,10.4261631752080159,2.0881446311213607,3.2493534992189499,-0.5815652371895643,-1.6000140620831147,2.1577845767045032,0.3214417359435053
43,282.6125953775443236,283.7363588857578520,19.6056494070474052,80.1317946728300399,0.2625559200727799,-33.5587031889187557,95.8956411529923827,2.8643890389466131,100.2032647845094715,1.0000000000000000,1.0000000000000000,1.0000000000000000,1.0000000000000000,145.9975165133388657,50.0602158119450849,9.8462315926252035,15.2581942654688074,339.4652172011068956,221.8831129178034018,43.8728251124073694,67.7821316582094937,23.6900229601312802,10.7008918479860835,2.1420899436442271,3.2732341997651129,-0.5950263948216914,-1.6120676398118343,2.1500941438386274,0.3195558108676782
44,289.5610196582467211,290.6989397048113233,19.6423448497636457,80.1176561353579757,0.2399990148313822,-33.4295536710331120,95.9871021511180089,2.8854053456154327,100.1964555069759513,1.0000000000000000,1.0000000000000000,1.0000000000000000,1.0000000000000000,149.5974674799065554,51.2945814820099812,10.1164799758710977,15.3466102651630951,347.7764149562336797,227.3155234757619780,45.0141585567565627,68.1301005072373016,24.3129379331006596,10.9822653936113674,2.1961994500988844,3.2968136541923259,-0.6000017397582322,-1.6196841625272400,2.1418547917769568,0.3178301253398978
45,296.7643337559206316,297.8972916403628801,19.6803857977062577,80.0902124004848019,0.2294018017652825,-33.3220790911971605,96.1555891625915820,2.9165286280561142,100.1850483193559711,1.0000000000000000,1.0000000000000000,1.0000000000000000,1.0000000000000000,153.3908475185276643,52.5952708904681572,10.3906795621472945,15.4483879533787007,356.3591275817682913,232.9254030691235471,46.1989048353542699,68.4919099157472999,24.9578973493144325,11.2735965151919082,2.2508711966687831,3.3215948252032068,-0.5968479134910055,-1.6232044576984439,2.1331807280098922,0.3162734449448393
46,304.2802463458141915,305.3917119010547481,19.7243163476238763,80.0462545740910230,0.2294290782470687,-33.2220434275220811,96.3961169684779406,2.7012515551382510,100.1690710454856656,1.0000000000000000,1.0000000000000000,1.0000000000000000,1.0000000000000000,157.4114839942922117,53.9738829003495937,10.6700920074321850,15.5678032684310583,365.2774588153872060,238.7546515337023152,47.4499502439498428,68.8830328162590462,25.6345438406433352,11.5792408336974457,2.3063637160072337,3.3493985454020372,-0.5863778812930160,-1.6232343380351750,2.1241739280145659,0.3148673695606938
47,310.7132451792732581,311.8534454716229902,19.7126884759896832,80.0658150278858471,0.2214964960885204,-33.1817407997573923,96.3628457442800368,2.6881536174356180,100.1708785274218201,1.0000000000000000,1.0000000000000000,1.0000000000000000,1.0000000000000000,160.6782343454004547,55.0939994029154789,10.8904506028010228,15.5595545381213842,373.0390168133679936,243.8278035458090471,48.4371498156053661,68.8804724966186512,26.1678399941313771,11.8201331481973764,2.3497160777389521,3.3460486574488484,-0.5918267161534401,-1.6255280161989223,2.1240145228810166,0.3148367055598659
48,317.2590547710343003,318.4285716167309488,19.7014348245592537,80.0840689657515554,0.2144962096562826,-33.1473859566745546,96.3332203899928317,2.6757465751572118,100.1724431560305533,1.0000000000000000,1.0000000000000000,1.0000000000000000,1.0000000000000000,164.0061025543188293,56.2350722424452059,11.1146133231987019,15.5520053216840548,380.9352340753927137,248.9889722829742311,49.4401165899552595,68.8779007195299471,26.7095754853020608,12.0648375501723830,2.3944274955317746,3.3429605601978087,-0.5966572450862383,-1.6275210485919407,2.1238625561516744,0.3148119471827875
49,323.9204148154425980,325.1197600476886009,19.6906020211330244,80.1010846877984903,0.2083132910376531,-33.1181731626289562,96.3068204198531532,2.6640271031525664,100.1738000817808256,1.0000000000000000,1.0000000000000000,1.0000000000000000,1.0000000000000000,167.3963032724564357,57.3975179035005070,11.3427188545113786,15.5450931274521107,388.9693533550226903,254.2402772915258709,50.4596689052378196,68.8753538212252181,27.2602083339082633,12.3135609292421186,2.4404421575228517,3.3401101509415616,-0.6009440534399230,-1.6292533983088640,2.1237185547198081,0.3147921880666318
50,330.7001458609768179,331.9297801180888428,19.6802208343053913,80.1169311343297466,0.2028480313370479,-33.0934066938038072,96.2832773724663156,2.6529832667240738,100.1749789469865703,1.0000000000000000,1.0000000000000000,1.0000000000000000,1.0000000000000000,170.8501042633086513,58.5817710819288848,11.5749007741238703,15.5387614479732221,397.1447363090447880,259.5839158359689236,51.4965680453523760,68.8728589087395591,27.8201628191141737,12.5664949342478263,2.4877172188550141,3.3374762220904941,-0.6047519538114349,-1.6307594339509730,2.1235827655780590,0.3147766535213967
51,337.6011415067561643,338.8614893095769389,19.6703095662622935,80.1316766890332843,0.1980137446772256,-33.0724850231563607,96.2622678342532794,2.6425969013263551,100.1760048119625139,1.0000000000000000,1.0000000000000000,1.0000000000000000,1.0000000000000000,174.3688220227176657,59.7882831831210027,11.8112886298054871,15.5329591416219248,405.4648494927311617,265.0221537451303675,52.5515289190902450,68.8704357924600146,28.3898357795718752,12.8238188190257798,2.5362205724541069,3.3350400028276597,-0.6081373952315209,-1.6320687712380895,2.1234552294291502,0.3147646817176859
52,344.6263622647073248,345.9178241167916781,19.6608767694746476,80.1453883122472348,0.1937349182557225,-33.0548874593379480,96.2435074714584715,2.6328454538528945,100.1768989166677670,1.0000000000000000,1.0000000000000000,1.0000000000000000,1.0000000000000000,177.9538181836524586,61.0175210892671203,12.0520088268659737,15.5276398790495804,413.9332532659933008,270.5573181609389053,53.6252288845270328,68.8680985270087120,28.9696018069125927,13.0857017883310647,2.5859290426699992,3.3327847883298345,-0.6111496484754980,-1.6332069776389921,2.1233358369279318,0.3147557074422809
53,351.7788307943268364,353.1017928872513494,19.6519234242869061,80.1581309264437891,0.1899456492464903,-33.0401628244410688,96.2267459170610522,2.6237034051896257,100.1776793081263577,1.0000000000000000,1.0000000000000000,1.0000000000000000,1.0000000000000000,181.6064965817463701,62.2699661531768598,12.2971853657451327,15.5227616494953065,422.5535930751707383,276.1917918399798282,54.7183150746337716,68.8658566410964141,29.5598175478361576,13.3523049411110843,2.6368269146800176,3.3306956377668997,-0.6138318064345409,-1.6341961640967340,2.1232243716407990,0.3147492481369661
54,359.0616282699347153,360.4164702586094791,19.6434446851028248,80.1699669946126647,0.1865883202644718,-33.0279198322432279,96.2117623826342339,2.6151433659090895,100.1783613583513386,1.0000000000000000,1.0000000000000000,1.0000000000000000,1.0000000000000000,185.3283008780864236,63.5461133831715941,12.5469404613531115,15.5182863213203674,431.3295926784848007,281.9280087254792875,55.8314105052128440,68.8637161197385979,30.1608252838490962,13.6237828874896465,2.6889047323267268,3.3287591266753180,-0.6162216311185189,-1.6350554833684274,2.1231205428149229,0.3147448919364955
55,366.4778916834715687,367.8649929038319328,19.6354312802485289,80.1809562458743699,0.1836124738600426,-33.0178188897553682,96.1983618854384162,2.6071369165146407,100.1789581926819039,1.0000000000000000,1.0000000000000000,1.0000000000000000,1.0000000000000000,189.1207126523817408,64.8464707892623977,12.8013950677310948,15.5141792510416501,440.2650489652865531,287.7684505610325800,56.9651191886054562,68.8616801888674672,30.7729559224743241,13.9002850999100822,2.7421583118701847,3.3269631425713828,-0.6183522730173935,-1.6358015508693460,2.1230240103067946,0.3147422874399874
56,374.0308119210019413,375.4505563496789478,19.6278706331536199,80.1911555132601279,0.1809738535672727,-33.0095650941096679,96.1863719982584939,2.5996552475536117,100.1794810448391786,1.0000000000000000,1.0000000000000000,1.0000000000000000,1.0000000000000000,192.9852498939279428,66.1715588657258564,13.0606693260616407,15.5104089354440706,449.3638280846955126,293.7156443601838873,58.1200304322128076,68.8597499419455801,31.3965315067441360,14.1819570466847171,2.7965879303535388,3.3252967151582684,-0.6202528838632076,-1.6364488010096512,2.1229344034651181,0.3147411349750131
57,381.7236324797191855,383.1764126774943975,19.6207477587720724,80.2006186564799890,0.1786335847326029,-33.0029022364574303,96.1756400439685848,2.5926696428389961,100.1799395519082054,1.0000000000000000,1.0000000000000000,1.0000000000000000,1.0000000000000000,196.9234658293181610,67.5219101891448616,13.3248829499647563,15.5069467017614553,458.6298626518591846,299.7721605803662897,59.2967224659277790,68.8579248400486819,32.0318673286778193,14.4689411466623916,2.8521976558486646,3.3237498743538150,-0.6219491400778742,-1.6370097896754758,2.1228513353457132,0.3147411791402395
58,389.5596487157336583,391.0458689502857510,19.6140459784326282,80.2093965485648539,0.1765574729879044,-32.9976076567097962,96.1660306691358500,2.5861518397624295,100.1803419998887676,1.0000000000000000,1.0000000000000000,1.0000000000000000,1.0000000000000000,200.9369480357203486,68.8980691143656117,13.5941555590094829,15.5037664314251824,468.0671498423797630,305.9406118773705998,60.4957655151849494,68.8562031104685133,32.6792737159672058,14.7613775762824950,2.9089947934643972,3.3223135308139291,-0.6234636911507784,-1.6374954516186579,2.1227744133169564,0.3147422024403840
59,397.5422075320263957,399.0622862387189684,19.6077474878350557,80.2175371101416204,0.1747154020098829,-32.9934878192605225,96.1574237412022086,2.5800742931961329,100.1806955286928229,1.0000000000000000,1.0000000000000000,1.0000000000000000,1.0000000000000000,205.0273177967030733,70.3005915536205350,13.8686069691085763,15.5008443133836789,477.6797502197118774,312.2236523389025820,61.7177244145910890,68.8545820638373840,33.3390575480525158,15.0594049543933881,2.9669894261462555,3.3209793747395313,-0.6248165447276853,-1.6379153199911898,2.1227032468764921,0.3147440198522655
60,405.6747074316984936,407.2290791412390263,19.6018338061306352,80.2250853785635911,0.1730808152941461,-32.9903745012030498,96.1497125224139495,2.5744103640575888,100.1810063035835583,1.0000000000000000,1.0000000000000000,1.0000000000000000,1.0000000000000000,209.1962296642876709,71.7300448263629988,14.1483574467219526,15.4981586234600499,487.4717871681386896,318.6239771139617574,62.9631608396324793,68.8530583457754517,34.0115235473591540,15.3631609255099448,3.0261940333293293,3.3197397896138643,-0.6260253981877436,-1.6382777140129432,2.1226374533112886,0.3147464741835441
61,413.9605988746068306,415.5497157125483909,19.5962861286696324,80.2320836021065986,0.1716302692115829,-32.9881215022643417,96.1428020809767787,2.5691344489921164,100.1812796589602215,1.0000000000000000,1.0000000000000000,1.0000000000000000,1.0000000000000000,213.4453711966396554,73.1870075693258570,14.4335279324703709,15.4956895266606036,497.4474468265374867,325.1443223695488314,64.2326352200275039,68.8516281358868127,34.6969753831636822,15.6727826584348975,3.0866231736950840,3.3185877781937405,-0.6271059248450854,-1.6385898997456814,2.1225766616961605,0.3147494321061891
62,422.4033848858741180,424.0277177293810382,19.5910856016763368,80.2385713516181482,0.1703430466949881,-32.9866018001860937,96.1366079058596483,2.5642220643283142,100.1815202192140504,1.0000000000000000,1.0000000000000000,1.0000000000000000,1.0000000000000000,217.7764628454423814,74.6720696979036944,14.7242402386993465,15.4934188997262741,507.6109784365969517,331.7874655182694710,65.5267083869267566,68.8502873044012631,35.3957166188203658,15.9884072741253860,3.1482932208136103,3.3175168986022001,-0.6280720215695336,-1.6388582281122523,2.1225205156123823,0.3147527807643918
63,431.0066218737922554,432.6666612354426888,19.5862135336524616,80.2445856437118721,0.1692008226255473,-32.9857050873107909,96.1310546969330062,2.5596498945605006,100.1817320005499568,1.0000000000000000,1.0000000000000000,1.0000000000000000,1.0000000000000000,222.1912579709676550,76.1858324113203054,15.0206172247117475,15.4913301715678404,517.9666950342443670,338.5562256702685886,66.8459429970238261,68.8490315347428066,36.1080515276559595,16.3101722142363812,3.2112221424801310,3.3165212087889966,-0.6289360235149934,-1.6390882536160867,2.1224686748851442,0.3147564248714830
64,439.7739206214370142,441.4701773168594059,19.5816515555165012,80.2501610710593098,0.1681873734156984,-32.9853356341488961,96.1260753062068432,2.5553958136260935,100.1819184970026839,1.0000000000000000,1.0000000000000000,1.0000000000000000,1.0000000000000000,226.6915429660709833,77.7289082351446723,15.3227829526992956,15.4894081795189535,528.5189744253882509,345.4534642710007120,68.1909047690631382,68.8478564186884938,36.8342857983715675,16.6382155597539203,3.2754293161797348,3.3155952179497086,-0.6297088907314456,-1.6392848366507466,2.1224208165742415,0.3147602842236492
65,448.7089474225427352,450.4419530683556445,19.5773817392292138,80.2553299363047188,0.1672883244584154,-32.9854104339760852,96.1216098097102787,2.5514388853861591,100.1820827532499152,1.0000000000000000,1.0000000000000000,1.0000000000000000,1.0000000000000000,231.2791374730724101,79.3019210956559135,15.6308628268688068,15.4876390396031329,539.2722603972252955,352.4820858929709857,69.5621635621277221,68.8467575294897358,37.5747271471756648,16.9726763074984071,3.3409353744306798,3.3147338437590212,-0.6304003706836149,-1.6394522318244122,2.1223766353971367,0.3147642915693057
66,457.8154253367817432,459.5857327166590380,19.5733866828250278,80.2601223870650813,0.1664909301020299,-32.9858575894885035,96.1176046924402101,2.5477593484679373,100.1822274264165600,1.0000000000000000,1.0000000000000000,1.0000000000000000,1.0000000000000000,235.9558946797073418,80.9055064213201689,15.9449837177924021,15.4860100292322365,550.2310641246793921,359.6450391550197310,70.9602943199511458,68.8457304772849170,38.3296858508523997,17.3136946109140055,3.4077620748199782,3.3139323744784352,-0.6310191400714362,-1.6395941643371317,2.1223358437284485,0.3147683907821494
67,467.0971355437004604,468.9053188734425817,19.5696495682775371,80.2645665500893415,0.1657838816249141,-32.9866149083320650,96.1140121314493854,2.5443385895071113,100.1823548386508520,1.0000000000000000,1.0000000000000000,1.0000000000000000,1.0000000000000000,240.7237016821835027,82.5403112672769339,16.2652740736334032,15.4845094809464232,561.3999657383817521,366.9453177471937693,72.3858779012915647,68.8447709502977006,39.0994752124894305,17.6614119904400262,3.4759321904125158,3.3131864351654761,-0.6315729288265914,-1.6397138961278495,2.1222981712852604,0.3147725352940943
68,476.5579187777655648,478.4045738945165454,19.5661541974215645,80.2686886632040739,0.1651571393675443,-32.9876286792133939,96.1107893642130193,2.5411591079700369,100.1824670219546789,1.0000000000000000,1.0000000000000000,1.0000000000000000,1.0000000000000000,245.5844799049071412,84.2069944592565491,16.5918640195788960,15.4831266859725485,572.7836160262011163,374.3859615429103656,73.8395018128960743,68.8438747446382706,39.8844119695259920,18.0159715178281168,3.5454694169227152,3.3124919573450198,-0.6320686287248418,-1.6398142832413538,2.1222633645828677,0.3147766867508722
69,486.2016768296363693,488.0874213256643657,19.5628850101556893,80.2725132040797291,0.1646017857582797,-32.9888526044046628,96.1078981313217753,2.5382044750832611,100.1825657564990451,1.0000000000000000,1.0000000000000000,1.0000000000000000,1.0000000000000000,250.5401855676633431,85.9062267537688200,16.9248854465252947,15.4818518065183799,584.3867382449391243,381.9700577831272312,75.3217608585968037,68.8430377849803534,40.6848166520363890,18.3775179779805526,3.6163982936162200,3.3118451516082765,-0.6325123886884605,-1.6398978256417884,2.1222311862299059,0.3147808138586224
70,496.0323741008766092,497.9578474185066739,19.5598270883482854,80.2760630151999521,0.1641098964456740,-32.9902468679260963,96.1053041839760169,2.5354592888269911,100.1826526034624578,1.0000000000000000,1.0000000000000000,1.0000000000000000,1.0000000000000000,255.5928101920487734,87.6386910117507227,17.2644720898269064,15.4806757958448049,596.2141300225578107,389.7007423196869240,76.8332577156069334,68.8422561379457250,41.5010138977128378,18.7461980112294277,3.6887441353859516,3.3112424826919291,-0.6329096985486174,-1.6399667105126279,2.1222014141121037,0.3147848913948159
71,506.0540392010816504,508.0199027022114819,19.5569661481970165,80.2793594246396367,0.1636744271586466,-32.9917773216067616,96.1029768481908633,2.5329091264975734,100.1827289332256612,1.0000000000000000,1.0000000000000000,1.0000000000000000,1.0000000000000000,260.7443811397086506,89.4050823831192787,17.6107595987014243,15.4795903252604141,608.2706653343753942,397.5812009070086788,78.3746034469298678,68.8415260196724574,42.3333327287629828,19.1221602384125298,3.7625329738388387,3.3106806466575041,-0.6332654627802846,-1.6400228499266918,2.1221738405049098,0.3147888993607130
72,516.2707665777127204,518.2777035985900511,19.5542885232457806,80.2824223624879210,0.1632891142616312,-32.9934147737230248,96.1008886386145491,2.5305404960952682,100.1827959496422551,1.0000000000000000,1.0000000000000000,1.0000000000000000,1.0000000000000000,265.9969621755587923,91.2061084998913714,17.9638855966944462,15.4785877172760671,620.5612965391154603,405.6146705329021529,79.9464179569439324,68.8408437987510524,43.1821067948728654,19.5055553706208329,3.8377915055544856,3.3101565498460341,-0.6335840655047276,-1.6400679136364837,2.1221482711465391,0.3147928222563035
73,526.6867181699150251,528.7354340698857413,19.5517811398219550,80.2852704729185547,0.1629483872558646,-32.9951343670212438,96.0990149159111837,2.5283407873356145,100.1828547109937517,1.0000000000000000,1.0000000000000000,1.0000000000000000,1.0000000000000000,271.3526540496048369,93.0424896756802866,18.3239897334422430,15.4776608842344547,633.0910564626834685,413.8044407805766696,81.5493303956513671,68.8402059954803747,44.0476745854784539,19.8965363050825061,3.9145470459501781,3.3096672893283552,-0.6338694278719557,-1.6401033576258022,2.1221245242923659,0.3147966484612563
74,537.3061250784006688,539.3973472892398604,19.5494314862611063,80.2879212220043428,0.1626472917308061,-32.9969150347164870,96.0973335823481420,2.5262982231089470,100.1829061481086995,1.0000000000000000,1.0000000000000000,1.0000000000000000,1.0000000000000000,276.8135950912248404,94.9149591094656699,18.6912137278013475,15.4768032717924111,645.8650605190910028,422.1538552149316388,83.1839795155629105,68.8396092782048754,44.9303796137549085,20.2952582082717257,3.9928274874130891,3.3092101346027079,-0.6341250587794220,-1.6401304489669228,2.1221024297694453,0.3148003697077056
75,548.1332892439979787,550.2677673252037494,19.5472275770017596,80.2903910015176052,0.1623814214769856,-32.9987390246110834,96.0958248110718358,2.5244018117729583,100.1829510801096177,1.0000000000000000,1.0000000000000000,1.0000000000000000,1.0000000000000000,282.3819618100122284,96.8242630916130764,19.0657014022930404,15.4760088066978909,658.8885088591241583,430.6663127869804271,84.8510139839934538,68.8390504573395390,45.8305705740587328,20.7018785870259983,4.0726612605618024,3.3087825103232626,-0.6343540997509131,-1.6401502874497795,2.1220818280440428,0.3148039806336356
76,559.1725851276601134,561.3510908314929111,19.5451579123549806,80.2926952289924145,0.1621468586508751,-33.0005914827558513,96.0944708049938612,2.5226413007283011,100.1829902280992854,1.0000000000000000,1.0000000000000000,1.0000000000000000,1.0000000000000000,288.0599694972518137,98.7711612101103782,19.4475987086657689,15.4752718483458853,672.1666885382086321,439.3452692508227528,86.5510926522561732,68.8385264775625672,46.7486014738888400,21.1165573481535844,4.1540772976695752,3.3083819798606409,-0.6345593646877873,-1.6401638243800114,2.1220625693119568,0.3148074784067170
77,570.4284613849471270,572.6517887339734898,19.5432114345366692,80.2948484444221151,0.1619401210384560,-33.0024600892223106,96.0932555818235272,2.5210071315338922,100.1830242271336715,1.0000000000000000,1.0000000000000000,1.0000000000000000,1.0000000000000000,293.8498728220340581,100.7564265549658558,19.8370537442653507,15.4745871436402567,685.7049756955377688,448.1942385879779067,88.2848847821100406,68.8380344085588263,47.6848317408500222,21.5394568467493954,4.2371049974422448,3.3080062295115074,-0.6347433751058369,-1.6401718788844974,2.1220445126187704,0.3148108624100202
78,581.9054425277895461,584.1744079066247650,19.5413774803830407,80.2968644040195727,0.1617581155944371,-33.0043347394963007,96.0921647821706131,2.5194903966850424,100.1830536367415760,1.0000000000000000,1.0000000000000000,1.0000000000000000,1.0000000000000000,299.7539664159064614,102.7808459186758512,20.2342167588114172,15.4739497847289478,699.5088377368026613,457.2167944340728809,90.0530702287561695,68.8375714346096714,48.6396263045917649,21.9707419232071182,4.3217741904978730,3.3076530531886008,-0.6349083913896431,-1.6401751520140662,2.1220275250154761,0.3148141339826699
79,593.6081305661796250,595.9235728280452804,19.5396457309853098,80.2987561714613634,0.1615980975505725,-33.0062072658114758,96.0911854980298870,2.5180827982191234,100.1830789501981087,1.0000000000000000,1.0000000000000000,1.0000000000000000,1.0000000000000000,305.7745854395378728,104.8452199905249103,20.6392401510725065,15.4733551691976370,713.5838355130155151,466.4165715029769217,91.8563395784641017,68.8371348432663410,49.6133556531463711,22.4105799286674134,4.4081151050470577,3.3073203374250180,-0.6350564405255831,-1.6401742388881329,2.1220114807545150,0.3148172962097735
80,605.5412066219311100,607.9039872097155239,19.5380061583727382,80.3005362071410218,0.1614576344849924,-33.0080711934634152,96.0903061192692860,2.5167766081287457,100.1831006027835542,1.0000000000000000,1.0000000000000000,1.0000000000000000,1.0000000000000000,311.9141061246580762,106.9503635424081267,21.0522784548814137,15.4727989623439690,727.9356254877267247,475.7972670033495888,93.6953942378575988,68.8367220132857369,50.6063958626544803,22.8591407384450704,4.4961583324425014,3.3070060465350171,-0.6351893407095955,-1.6401696390902794,2.1219962605287988,0.3148203537560686
81,617.7094325060422761,620.1204355863983437,19.5364489692337884,80.3022164559309033,0.1613345748327987,-33.0099215277192570,96.0895161960736885,2.5155646306559198,100.1831189791830212,1.0000000000000000,1.0000000000000000,1.0000000000000000,1.0000000000000000,318.1749462838988620,109.0971056036475773,21.4734883138718651,15.4722770611605149,742.5699618846458634,485.3626420423806849,95.5709464705909824,68.8363304019736972,51.6191285989672224,23.3165967527526909,4.5859347924518890,3.3067082077699554,-0.6353087231759865,-1.6401617654897440,2.1219817507580077,0.3148233127405213
82,630.1176522506170841,632.5777848586427581,19.5349645455808627,80.3038084340222014,0.1612270203946993,-33.0117545674682802,96.0888063154435201,2.5144401663204530,100.1831344202364136,1.0000000000000000,1.0000000000000000,1.0000000000000000,1.0000000000000000,324.5595657807967882,111.2862896221487574,21.9030284443197516,15.4717855596836280,757.4926988070873222,495.1165230111138271,97.4837193759457818,68.8359575320470327,52.6519410892116682,23.7831228838566915,4.6774756983339021,3.3064248963095757,-0.6354160515408389,-1.6401509516361443,2.1219678429248834,0.3148261806467993
83,642.7707935850864942,645.2809857755433995,19.5335433821540327,80.3053233153745225,0.1611333024686976,-33.0135677421480409,96.0881679901537069,2.5133969777431098,100.1831472291176368,1.0000000000000000,1.0000000000000000,1.0000000000000000,1.0000000000000000,331.0704669513504541,113.5187736089457786,22.3410595854775664,15.4713207153589618,772.7097923199271463,505.0628029452666965,99.4344468023404175,68.8356009781078058,53.7052260609297676,24.2588965285860745,4.7708125220644675,3.3061542199184784,-0.6355126389183777,-1.6401374578480983,2.1219544329660516,0.3148289662691219
84,655.6738693457468798,658.2350743455301654,19.5321760203022237,80.3067720184080116,0.1610519612889496,-33.0153594688970244,96.0875935586990124,2.5124292570137596,100.1831576771731136,1.0000000000000000,1.0000000000000000,1.0000000000000000,1.0000000000000000,337.7101949680433677,115.7954302630190426,22.7877444368975937,15.4708789160985312,788.2273024837652429,515.2054428548109399,101.4238731873177812,68.8352583528096034,54.7793816460509717,24.7440975249564268,4.8659769604027048,3.3058943030952288,-0.6355996630261719,-1.6401214760957148,2.1219414207209093,0.3148316796899271
85,668.8319788061577356,671.4451731605015539,19.5308529779754281,80.3081652935047998,0.1609817285171149,-33.0171290271203404,96.0870760949099747,2.5115315946437677,100.1831660095057401,1.0000000000000000,1.0000000000000000,1.0000000000000000,1.0000000000000000,344.4813381362428686,118.1171470729257038,23.2432475823551137,15.4704566476905381,804.0513953298230945,525.5484730148158405,103.4527533136300690,68.8349272927957259,55.8748112464951561,25.2389080914621360,4.9630009029048763,3.3056432705228689,-0.6356781794641229,-1.6401031337534779,2.1219287094456774,0.3148343322890380
86,682.2503089146636057,684.9164926175886876,19.5295646754418435,80.3095138119826260,0.1609215125747592,-33.0188764479532537,96.0866093260680572,2.5106989497873933,100.1831724504953058,1.0000000000000000,1.0000000000000000,1.0000000000000000,1.0000000000000000,351.3865281123297564,120.4848263915927902,23.7077354002673637,15.4700504612426322,820.1883447626148609,536.0959942090825052,105.5218519692748629,68.8346054444867974,56.9919233579476838,25.7435127474747887,5.0619164035410495,3.3053992296249275,-0.6357491333212105,-1.6400824962850458,2.1219162053983465,0.3148369367826690
87,695.9341354238767963,698.6543320201706138,19.5283013562299246,80.3108282571079997,0.1608703866624444,-33.0206024162248184,96.0861875584954674,2.5099266217090355,100.1831772093522659,1.0000000000000000,1.0000000000000000,1.0000000000000000,1.0000000000000000,358.4284400317752102,122.8993854802327803,24.1813759608163856,15.4696569403145503,836.6445343758522313,546.8521789170656575,107.6319434968074376,68.8342904498196049,58.1311313479285729,26.2580982129959892,5.1627556582449552,3.3051602520030290,-0.6358133692354498,-1.6400595689001793,2.1219038175054639,0.3148395072926098
88,709.8888238950380583,712.6640805378237928,19.5270530027979561,80.3121194178561950,0.1608275793450806,-33.0223081827342995,96.0858056095811293,2.5092102222238566,100.1831804859488244,1.0000000000000000,1.0000000000000000,1.0000000000000000,1.0000000000000000,365.6097925347527848,125.3617565171254711,24.6643389105423694,15.4692726674054466,853.4264591650104421,557.8212724332503285,109.7838112148661054,68.8339799320537225,59.2928531841297328,26.7828532859460573,5.2655509916069363,3.3049243535202311,-0.6358716400082612,-1.6400342972119171,2.1218914571201779,0.3148420594450815
89,724.1198305587502091,726.9512180020914229,19.5258092463592199,80.3133982859991278,0.1607924676396376,-33.0239954846777550,96.0854587454366964,2.5085456488762814,100.1831824770503658,1.0000000000000000,1.0000000000000000,1.0000000000000000,1.0000000000000000,372.9333476760712074,127.8728865667354881,25.1567953458663887,15.4688941894503902,870.5407271178250994,569.0075939067410218,111.9782466917553165,68.8336714818019857,60.4775111088113064,27.3179686950873446,5.3703348570224660,3.3046894727660687,-0.6359246138440580,-1.6400065669038861,2.1218790378879508,0.3148446104996309
90,738.6327030113598084,741.5213155117608039,19.5245592702590116,80.3146761571661472,0.1607645725729656,-33.0256664721196600,96.0851426232796086,2.5079290586947689,100.1831833831924143,1.0000000000000000,1.0000000000000000,1.0000000000000000,1.0000000000000000,380.4019107053134121,130.4337375043253928,25.6589176779677182,15.4685179819550527,887.9940606614737817,580.4155372871765621,114.2160488474330577,68.8333626434911565,61.6855312550105737,27.8636369266640642,5.4771398560130455,3.3044534476088114,-0.6359728802680258,-1.6399762024043110,2.1218664757361752,0.3148471795091270
91,753.4330807244895141,756.3800358184116703,19.5232917063029525,80.3159647364688851,0.1607435572276345,-33.0273236383932627,96.0848532378411022,2.5073568421399628,100.1831834164100883,1.0000000000000000,1.0000000000000000,1.0000000000000000,1.0000000000000000,388.0183297028700622,133.0452858911573628,26.1708794927661828,15.4681404114042902,905.7932979423125062,592.0495721611985118,116.4980228564205476,68.8330509025169448,62.9173432005647086,28.4200520229523050,5.5859987842205845,3.3042139895140314,-0.6360169547439464,-1.6399429645499024,2.1218536890100022,0.3148497875114811
92,768.5266953433122126,771.5331334590443930,19.5219945233979892,80.3172762492635428,0.1607292273370024,-33.0289697522343531,96.0845868710408411,2.5068255970080333,100.1831828091469276,1.0000000000000000,1.0000000000000000,1.0000000000000000,1.0000000000000000,395.7854950570211940,135.7085227951929483,26.6928554114442278,15.4677576955441562,923.9453939109433804,603.9142444616788907,118.8249788193650431,68.8327336734484163,64.1733794562947537,28.9874093510704114,5.6969447138188869,3.3039686552643324,-0.6360572819927846,-1.6399065472075884,2.1218405987826015,0.3148524577547742
93,783.9193707471132484,786.9864545987305746,19.5206549079126788,80.3186235575547727,0.1607215345321493,-33.0306077893284211,96.0843400441739703,2.5063321018248708,100.1831818246494095,1.0000000000000000,1.0000000000000000,1.0000000000000000,1.0000000000000000,403.7063387676218440,138.4244535523378943,27.2250209592204016,15.4673658611337732,942.4574211817750893,616.0141770295508650,121.1977301658173474,68.8324082897326974,65.4540748855378212,29.5659053407789898,5.8100111249276951,3.3037148156786551,-0.6360942379839065,-1.6398665728102986,2.1218271293699025,0.3148552159564516
94,799.6170228440096253,802.7459365415354569,19.5192591351702696,80.3200202824310452,0.1607205823984990,-33.0322408607453895,96.0841094720167774,2.5058732884083001,100.1831807692164773,1.0000000000000000,1.0000000000000000,1.0000000000000000,1.0000000000000000,411.7838335624186925,141.1940974634413521,27.7675524529698876,15.4669606987275277,961.3365706324487974,628.3540700056088326,123.6170917444288762,68.8320719954930524,66.7598660533512884,30.1557371905135057,5.9252321021770333,3.3034496208749884,-0.6361281305449100,-1.6398225867483680,2.1218132090924997,0.3148580905992776
95,815.6256590703648044,818.8176068638865672,19.5177924315900171,80.3214809328644037,0.1607266355446922,-33.0338721354959119,96.0838920180529499,2.5054462130018607,100.1831800068337088,1.0000000000000000,1.0000000000000000,1.0000000000000000,1.0000000000000000,420.0209918138099283,144.0184874228699812,28.3206269220880067,15.4665377140436533,980.5901517041487523,640.9387010267988671,126.0838775497859245,68.8317219401713487,68.0911905055956908,30.7571025417426824,6.0426426170599861,3.3031699615717556,-0.6361591985036360,-1.6397740505466050,2.1217987713303890,0.3148611132645441
96,831.9513775642767541,835.2075821188391274,19.5162388270844964,80.3230210409683281,0.1607401319468361,-33.0355047540792341,96.0836846502020876,2.5050480254241281,100.1831799766973177,1.0000000000000000,1.0000000000000000,1.0000000000000000,1.0000000000000000,428.4208642462037915,146.8986694752819915,28.8844220817972364,15.4660920754400539,1000.2255923592437057,653.7729251985325618,128.5988980266704402,68.8313551769750944,69.4484859806315029,31.3701991228883621,6.1622789223269114,3.3028724258573572,-0.6361876092448228,-1.6397203337437174,2.1217837559303949,0.3148643190049814
97,848.6003659823705902,851.9220660547608759,19.5145809974867639,80.3246573036232974,0.1607616988904227,-33.0371417294442580,96.0834843962837652,2.5046759355829673,100.1831812143249891,1.0000000000000000,1.0000000000000000,1.0000000000000000,1.0000000000000000,436.9865384282054492,149.8357022986220386,29.4591163842679684,15.4656185570030527,1020.2504386477340859,666.8616748113051926,131.1629568828899153,68.8309686663465499,70.8321895599379872,31.9952243656561244,6.2841790917124865,3.3025532507875068,-0.6362134545239442,-1.6396607043781637,2.1217681110343620,0.3148677467581688
98,865.5788999299480793,868.9673472868427098,19.5128000970303646,80.3264077300734698,0.1607921728961525,-33.0387858312756535,96.0832882984571626,2.5061107358455459,100.1831843770762731,1.0000000000000000,1.0000000000000000,1.0000000000000000,1.0000000000000000,445.7211370497248026,152.8306566133690865,30.0448891807982754,15.4651114767368298,1040.6723538286321400,680.2099587664079081,133.7768473307707211,68.8305592859803426,72.2427367688922857,32.6323749988531020,6.4083837470877505,3.3022082680962268,-0.6362367443439617,-1.6395943179748722,2.1217517954131710,0.3148714398018151
99,882.8855828812393156,886.3403744535504529,19.5091222927899253,80.3299109579164679,0.1609667492937352,-33.0413655771087917,96.0829785851019267,2.5067673383047273,100.1832725439407312,1.0000000000000000,1.0000000000000000,1.0000000000000000,1.0000000000000000,454.6176478546846056,155.8811280289489503,30.6296365289055039,15.4640405745590392,1061.4967233728821157,693.8212971448301687,136.4499810749651374,68.8298886863859707,73.6745579683395704,33.2791351909696189,6.5228527916105543,3.3014252808316602,-0.6362221493032709,-1.6394236039648298,2.1217327878869634,0.3148797146748725
100,900.5280540790975010,904.0521299173617535,19.5044063017196407,80.3344019474813393,0.1611917507984384,-33.0443089137107009,96.0827155610314065,0.0250000000000000,100.1832852538287568,1.0000000000000000,1.0000000000000000,1.0000000000000000,1.0000000000000000,463.6807241291487003,158.9887120828074387,31.2511351364670240,15.4627544957808531,1082.7321296468096534,707.7012995998150018,139.1071646553626806,68.8288577767549299,75.1286335184805836,33.9359477751974197,6.6705168940209942,3.3005061941514069,-0.6362054682638769,-1.6392022221572899,2.1217083621484507,0.3148910790711545
