period,rgdp,ngdp,iy,cy,tby,nfay,reer,rir,tau_a,tau_s,tau_i,tau_t,y0,va0,i0,l0,y1,va1,i1,l1,y2,va2,i2,l2,tbsm0-1,tbsf0-1,tbsm1-1,tbsf1-1
0,100.0160051776842636,99.7847460562896202,18.5313282732997742,82.4220828509437382,-0.9534111242459816,-7.2155317165794699,103.7160614995667771,2.4448044552789927,1.0000000000000000,0.9972369639303422,1.0000000000000000,1.0000000000000000,50.9327910215616484,17.4640402887341217,3.0028526187827311,11.5419383408980529,120.8580991561810833,78.9959321405685557,14.7218193362976297,52.1309461176544175,7.8805168394288785,3.5596655413496583,0.7292459360550499,2.3467901382989664,-0.7212814331409052,-1.9092000037180070,1.5041364780401982,0.1729338345727323
1,102.5916789065718717,102.3513047011228991,18.8723789451999444,82.0925887015665410,-0.9649676467679429,-8.1588052818536099,104.2649682444307189,3.1968044614083757,1.0000000000000000,0.9852492231160939,1.0000000000000000,1.0000000000000000,52.4070792435128894,17.9695501653568854,3.0946751462573974,11.8010460709372911,123.7994738209231400,80.9184895449811847,15.3748046109388845,52.7994124781303356,8.2101345055430439,3.7085553504566109,0.7631130819954631,2.4304120013687487,-0.7142437518309016,-1.9207434676075488,1.4955236962290901,0.1744958764414175
2,105.6842220056363573,105.3768277481668179,19.5312979035001000,81.2739425151357722,-0.8052404186350148,-9.1451109769745891,106.2980686649198674,2.2876339013095270,1.0000000000000000,1.0123508691857246,1.0000000000000000,1.0000000000000000,54.5719793841391621,18.7118598349954084,3.2090908749648408,12.2793233842497074,127.0714293648576785,83.0571230326847711,16.3646257513833824,53.5926775957932975,8.6933593365631143,3.9268302193205820,0.8019575669754855,2.5774566053252470,-0.6002905051881869,-1.8853374839497425,1.4959732875273968,0.1844142829755180
3,108.4068979019520214,108.2659278531786669,19.8519841252002323,81.5484005207020886,-1.4003846459000293,-9.9063773983021548,104.2211574040618984,2.3459281358317874,1.0000000000000000,1.0182132262442127,1.0000000000000000,1.0000000000000000,55.3976149778231886,18.9949570889002004,3.2864264855529735,12.2841441283129225,130.5396229944196875,85.3240227317871529,17.1871304941317327,54.3808411316520761,9.0598601505243419,4.0923803151984224,0.8257555710963576,2.6658017240057021,-0.8799446979651296,-2.0827452478091475,1.4118834668994313,0.1504218329748163
4,111.0837101658146508,111.3486945494043425,20.3023829848654387,82.0682769040710411,-2.3706598882419216,-11.2516313286737901,99.6733442623888806,2.3624492307472433,1.0000000000000000,1.0395678422585988,1.0000000000000000,1.0000000000000000,55.6532921238036025,19.0826246973063505,3.4192474256790151,12.0932840379787940,134.1940631954190621,87.7126579341069714,18.2074121458317606,55.1817964872892901,9.4966486893261806,4.2896796982350880,0.8471527625239758,2.7812551760863933,-1.3661728875157704,-2.4112813027447229,1.3081424390428353,0.0986518629757371
5,115.0928477730634683,115.8715617973177103,20.5223210491780819,82.8158393231113479,-3.3381603724082263,-13.3998241218528928,94.6555547195799676,-0.0325306101487288,1.0000000000000000,1.0458461265896171,1.0000000000000000,1.0000000000000000,56.3267498180442843,19.3135425808363976,3.5961611014995207,11.8073623349817804,139.6774491478055324,91.2967386669629661,19.3007083752750006,55.9304148647515049,9.9746745105252188,4.5056061505565719,0.8616497486295019,2.8569713636818168,-1.8582653113980445,-2.7376268792458696,1.2122734860540805,0.0454583321816069
6,117.4396413970861204,118.0379804061568052,19.0029433210829843,84.1762428958445810,-3.1791862170273348,-16.4254376516325529,95.0301331384788455,1.2691531009424217,1.0000000000000000,1.0279111591492280,1.0000000000000000,1.0000000000000000,56.7628380148139513,19.4630702561331006,3.4067538000964288,11.6593492307614639,143.3244637705646483,93.6805203221984897,18.3514714812033368,56.4712861823385097,9.5583448767650729,4.3175481486088065,0.8163893826431077,2.6041035001078159,-1.8097800868294509,-2.6387047362132243,1.2194465890945472,0.0498520169207928
7,119.7210309844447522,120.5414389158039512,18.4259983455851639,85.1205175114111796,-3.5465158570865705,-19.4411115114448698,92.6790208160102509,2.6390278168750170,1.0000000000000000,1.0240576497288980,1.0000000000000000,1.0000000000000000,56.8733723935226223,19.5009707285859299,3.4075799827325968,11.4441579816707648,146.8138040344787782,95.9612420001665356,18.2571563041985172,57.0516003617209151,9.5245390891814363,4.3022779195601775,0.8219939952417868,2.5264565180276048,-2.0164071635925147,-2.7453714545428523,1.1871658591376242,0.0280969019111729
8,123.6308883246934585,124.7645920444971637,18.4126260604862786,85.5796991810262568,-3.9923252415959540,-22.7956352294623734,90.4093655981633333,4.4261856018433354,1.0000000000000000,0.9997390848846311,1.0000000000000000,1.0000000000000000,57.9835951445907085,19.8816483719122949,3.5682672005894123,11.3402546308823133,152.0333747317879158,99.3728863623263123,18.8935685158674325,57.6510304886873683,9.8532214005736467,4.4507452246562220,0.8619554275413076,2.5510221141611531,-2.2354921321811259,-2.8935794614138710,1.1375279578241830,-0.0007816058251390
9,128.1975054710142672,129.9643151630530724,19.4345622431855034,85.1976081026664644,-4.6321703459353696,-26.8544518703019293,87.0860763892012955,3.3731573594186770,1.0000000000000000,1.0006883246038432,1.0000000000000000,1.0000000000000000,59.6391197524183951,20.4493013096406422,3.9688056940897676,11.3857883140844223,157.6560554508374139,103.0480137028294365,20.7086877818196591,58.4032811583547655,10.7142439574027026,4.8396730562083583,0.9294045123577984,2.7775349455464950,-2.5458840602240396,-3.1428922301816704,1.0934397443498873,-0.0368337998795471
10,131.5018751474060537,133.9537363523419913,19.9856448333856882,85.1184086948790082,-5.1040535283449904,-31.5793470087605321,83.5523451879207357,2.8025836017851802,1.0000000000000000,0.9858073782900409,1.0000000000000000,1.0000000000000000,60.5108089818033008,20.7481896194289099,4.2931501298685797,11.3521470953244243,162.0072152715621598,105.8920425956432894,21.9431754709803215,59.1985848855493870,11.2885122557003452,5.0990726761307208,0.9497907302737423,2.9265015997996207,-2.8131219501225582,-3.3299560306860037,1.0994501656579938,-0.0604257131944226
11,133.5671383038936710,136.3424683652333442,20.2184589344864065,84.8609860292824436,-5.0794449638447405,-37.0507750040818564,82.3103838693994732,1.4980052629320229,1.0000000000000000,1.0150247950602502,1.0000000000000000,1.0000000000000000,61.3769942297022695,21.0451907019026905,4.5070964847775139,11.4734727633154456,164.5856488651048153,107.5773724709811461,22.5528309584077462,59.8666794088107892,11.5837368013640880,5.2324269552437128,0.9289728481486795,3.0117527284276489,-2.8604991945196461,-3.3422085667977952,1.1745579069564840,-0.0512951094837825
12,136.8843882486680172,139.3013477772404940,19.2521043085889012,85.2110893932506031,-4.4631937019045864,-41.8530457064481638,84.2912168404355242,0.5987803143455928,1.0000000000000000,1.0423209006787362,1.0000000000000000,1.0000000000000000,63.1507455765978492,21.6533816995503017,4.4713972066942826,11.6453172525530615,168.7994879715536172,110.3316450470717172,21.9191661287494988,60.4215042955171100,11.3658616050258754,5.1340117314046463,0.8771196342915274,2.8541730113353290,-2.6163675254248813,-3.1109586829962237,1.2754038998772375,-0.0112713933607190
13,139.0474237153121067,142.0079869853758225,18.1338409612910105,86.6857577415671869,-4.8195987029141394,-45.7055092865247943,80.5103175673073395,-1.7337279602743227,1.0000000000000000,1.0375072844234439,1.0000000000000000,1.0000000000000000,62.5707152503665966,21.4544985678228066,4.5035073686998475,11.1805584966096543,172.8284381773359257,112.9650695281436725,21.1366551773851654,60.9759988906598025,11.0397625971279627,4.9867113163259527,0.8445106484658562,2.6719561091773945,-2.8326597703530547,-3.2027283988971260,1.2558047633121006,-0.0400152969760589
14,141.6488327244333334,142.6296206793331010,14.8986405013945511,87.7672997560181329,-2.6659402574536850,-49.4327503827139907,90.6787657534433293,4.9153540856124556,1.0000000000000000,0.9890013539408380,1.0000000000000000,1.0000000000000000,65.3931083722313105,22.4222520759709276,3.8297465671276263,11.6474302298812269,176.0080588365845813,115.0433505832359629,17.3439619424954721,61.1922242562104799,9.4504651932902934,4.2688184016009041,0.7665865309036316,2.0698733406625829,-1.8331026756351425,-2.3802404927222529,1.4607089387186598,0.0866939721850510
15,145.4803057931152352,147.5380549273423867,15.9360459539941690,87.5463027289079889,-3.4823486829436239,-52.8410614425627188,84.6654881544317419,4.6388816516984122,1.0000000000000000,0.9562676950305339,1.0000000000000000,1.0000000000000000,66.1348883240028016,22.6765965700244436,4.4201225485998759,11.4512161060404942,181.0860726045334559,118.3624697305872502,18.9992894657592011,61.9140396141858389,10.3259654839818502,4.6642858918324466,0.9068851997248143,2.2945043316453848,-2.2799590040396995,-2.6941548177519468,1.4482447233931341,0.0435204154548880
16,147.1438909240359862,149.8696842263041447,16.9829367900935608,86.6969300719074027,-3.6798668620434660,-58.0192742817740736,81.6678608530740746,6.2530914375199309,1.0000000000000000,0.9293310065848971,1.0000000000000000,1.0000000000000000,66.9908173031770673,22.9700809418168035,5.0019439752968706,11.5787740480046821,182.8411184194923749,119.5096123802736514,20.2719709951300864,62.5931645973770543,11.0470545251544472,4.9900051136053403,1.0173230308095524,2.5254839401257256,-2.4363018406105565,-2.8050095902485257,1.5222971382476351,0.0391474305679813
17,152.7885615128270729,154.4746911749670915,18.1607074951818390,84.0620723043462874,-2.2227797995700378,-63.6029339857473985,88.9583702152126108,4.8844223187651803,1.0000000000000000,0.9540651542801831,1.0000000000000000,1.0000000000000000,73.3097029166084724,25.1367258619067329,5.5374132688912292,12.8464415577406417,187.1911649113606018,122.3529135729878590,21.8138752556899682,63.2166520001631653,12.0075337716909729,5.4238579873116963,1.1169816865418878,2.7800736337577332,-1.7179790917463256,-2.3574141923042560,1.7175044083491433,0.1351090761314013
18,158.0824085931510012,159.0989076362305639,18.8511801757176940,82.2455730313983651,-1.0967532071553632,-67.0342423994096208,94.2141160012634344,4.1059516625839620,1.0000000000000000,0.9701423502821190,1.0000000000000000,1.0000000000000000,78.6715308849069999,26.9752110063785118,5.9047154149618821,13.7907682618789327,191.8371571907852058,125.3896524708646893,23.0311812774359268,63.7926775098786507,12.7482569799791658,5.7584460522757883,1.1847644019851675,2.9442354798117911,-1.1444126968207118,-2.0102295054319526,1.8538695077442933,0.2040194873530079
19,163.1177605116209293,163.6878579455214151,19.2584186096782055,81.0097106466818815,-0.2681292563961332,-68.9399598682784500,97.8456076876066589,3.6367418506454419,1.0000000000000000,0.9805925276833773,1.0000000000000000,1.0000000000000000,83.2613135984946382,28.5489741679672235,6.1641495844428178,14.4747339097204968,196.6657569098867384,128.5457482427433433,24.0719750621324913,64.3096489971405134,13.3554965900129456,6.0327389646853886,1.2339782653403442,3.0514232396857484,-0.7121059691211319,-1.7540203072519600,1.9463223020554139,0.2516747179215448
20,167.9403516476378400,168.2062109968690038,19.4975931788454204,80.1827642888798806,0.3196425322424622,-69.7983324162966312,100.2473844484483578,3.3221665332258343,1.0000000000000000,0.9873851429941952,1.0000000000000000,1.0000000000000000,87.2298364392146937,29.9097172450107891,6.3547430342309141,14.9549269925952029,201.5887406800797521,131.7635358345929433,25.0058042823873343,64.7511058465223073,13.8764193281069677,6.2680421507938258,1.2721504436310749,3.1214993117520908,-0.4002000575919378,-1.5717377980844642,2.0078227927393670,0.2837575951794971
21,172.5448353228225926,172.5997600165073038,19.6264044364756067,79.6486194446713540,0.7249761188208115,-69.9595432379855566,101.7568624201709611,3.0978471719441680,1.0000000000000000,0.9918003429462269,1.0000000000000000,1.0000000000000000,90.6805515000255866,31.0929123073318685,6.4978831334581759,15.2734650737581088,206.5088971117683343,134.9794754059772686,25.8511355889235794,65.0892147319550958,14.3304038546750743,6.4731090402451459,1.3030628484079159,3.1638591996742651,-0.1830555392712171,-1.4452959939589669,2.0483745922309176,0.3049530598200780
22,176.9317324696489209,176.8421470341962447,19.6795127720410790,79.3249283437669845,0.9955588841648533,-69.6669802750317615,102.6172358532796949,2.9544666872169500,1.0000000000000000,0.9946702229150475,1.0000000000000000,1.0000000000000000,93.6959528444120622,32.1268452512927638,6.6082257362626491,15.4643092793863541,211.3659770355910723,138.1541865651176124,26.6169627548990348,65.3132790773240259,14.7295965947913761,6.6534262288639487,1.3292509745227359,3.1847788916357773,-0.0387349991436675,-1.3600822708527545,2.0755939954092670,0.3187821587520084
23,181.1788089382985447,180.9931910230044423,19.6868685248228701,79.1439524309183327,1.1691790442336039,-69.0787979907402132,103.0312402740226645,2.8813058972876116,1.0000000000000000,0.9965356448947809,1.0000000000000000,1.0000000000000000,96.3954356141582167,33.0524547634365788,6.7003413750734682,15.5673515317464037,216.1993336054811152,141.3133915358394859,27.3293509928470897,65.4580507216374485,15.0931802589717154,6.8176586348280983,1.3532857527215931,3.1921809849924574,0.0520299373816499,-1.3047136783850706,2.0941956218832312,0.3276671633537934
24,185.3958903291374725,185.1508134116729707,19.6739965948579645,79.0521502604839128,1.2738531446337842,-68.2974320021127141,103.1531165051651300,2.8493066121844768,1.0000000000000000,0.9977481691816076,1.0000000000000000,1.0000000000000000,98.9054364643319985,33.9130939527092607,6.7872123910338287,15.6197906747473461,221.0944821182258124,144.5129852943932178,28.0234320582686962,65.5734027655602318,15.4430175085190147,6.9756817223575087,1.3773669288864872,3.1939591157123086,0.1044621220089192,-1.2709065602931346,2.1070715197633008,0.3332260631546992
25,189.6515463348689536,189.3755766501371909,19.6553703516465070,79.0152961745109508,1.3293334738207785,-67.3954594479233293,103.0847866834945847,2.7666655653156846,1.0000000000000000,0.9985363099680449,1.0000000000000000,1.0000000000000000,101.3103199376473214,34.7376900729161804,6.8761149170873042,15.6446247722607428,226.1027142930601315,147.7864934149881435,28.7213112523915726,65.6863927631723357,15.7925595272237622,7.1335714527634728,1.4025562708733115,3.1945459242154128,0.1293769881722131,-1.2527629212720695,2.1161682543561455,0.3365511525644894
26,193.7747541313383977,193.4942642541759881,19.6132692814472733,79.0407132483086627,1.3460174702252765,-66.4487749957113607,102.8285033435701905,2.7677901150600093,1.0000000000000000,0.9990486014792291,1.0000000000000000,1.0000000000000000,103.5104327055557576,35.4920735898580588,6.9575228485779634,15.6201311614883167,231.0323982749597178,151.0086604358788520,29.3700739193564893,65.7148702300425214,16.1158871841651319,7.2796200359250465,1.4270666567723997,3.1860976609799470,0.1301301763598185,-1.2466208439193320,2.1239957910863074,0.3385123466984825
27,197.9903640622832484,197.7248618102764226,19.5774785302800680,79.0862014065228607,1.3363200631772165,-65.4731471400122018,102.4900025414289217,2.7682316209573177,1.0000000000000000,0.9993815909614989,1.0000000000000000,1.0000000000000000,105.6870928585842790,36.2384155798597405,7.0480335594392329,15.5903723306647279,236.1075527818137516,154.3259106973466430,30.0386388958700152,65.7638390666597417,16.4501473824229976,7.4306068980595184,1.4539839937945562,3.1801236473197059,0.1159704498112534,-1.2492298749357353,2.1301373671911690,0.3394421211105293
28,202.2902108899901066,202.0562317505426222,19.5469081741273278,79.1461465755738800,1.3069452502822418,-64.4993571135434678,102.0931359480694880,2.7582873813730480,1.0000000000000000,0.9995980341249743,1.0000000000000000,1.0000000000000000,107.8482868305401325,36.9794544634745890,7.1468831895197029,15.5561281204611603,241.3125876167462991,157.7280540495954426,30.7243212741514284,65.8240591425373793,16.7942382524437122,7.5860343196440319,1.4829651317783883,3.1758910329133521,0.0904583905635629,-1.2584350177744852,2.1352414794262566,0.3396803980669073
29,206.6408002463686842,206.4526563592976061,19.5172019740221607,79.2202494166689348,1.2625486092947196,-63.5526351772632481,101.6493438244128953,2.7461806754171647,1.0000000000000000,0.9997387221812333,1.0000000000000000,1.0000000000000000,109.9807348921453922,37.7106368337032620,7.2516199343409751,15.5137306060909950,246.6073091441135432,161.1888189085446470,31.4158267871704169,65.8773411719793387,17.1426608108326839,7.7434183846993383,1.5134739958305790,3.1715419850003816,0.0559125066977413,-1.2726419592782758,2.1398102122032507,0.3394678496720036
30,211.0349394116970529,210.9049416202668965,19.4872196555054877,79.3060213535398475,1.2067589909397127,-62.6496055636809928,101.1715511388328395,2.7506712829712177,1.0000000000000000,0.9998301694178017,1.0000000000000000,1.0000000000000000,112.0875974562524533,38.4330463456189761,7.3617898289234658,15.4635692898637220,251.9802412834395398,164.7007042156731984,32.1097734571211575,65.9193739438220234,17.4941288226376130,7.9021780950077991,1.5454654860970005,3.1665904813345183,0.0144046825547786,-1.2906532666086976,2.1440564848112302,0.3389510901824017
31,215.5251403944297977,215.4638763178392082,19.4627218526815753,79.3946334449153710,1.1426447023897663,-61.7971266691545580,100.6794218898227768,2.7461405910684578,1.0000000000000000,0.9998896101215711,1.0000000000000000,1.0000000000000000,114.2119086431215180,39.1614387115033580,7.4810051238535333,15.4142591434002139,257.4834811279537234,168.2977619581478734,32.8223139666586192,65.9711494751377217,17.8572483792519634,8.0662008614592366,1.5796365018596514,3.1632591740068805,-0.0318306770310600,-1.3116200598107646,2.1478999912319572,0.3381954479996336
32,220.0860522383789828,220.1030031798647144,19.4400047438527359,79.4879403910480420,1.0720548650889503,-61.0066132482385939,100.1735387144434810,2.7508407930536105,1.0000000000000000,0.9999282465790212,1.0000000000000000,1.0000000000000000,116.3403494215111351,39.8912470483417039,7.6074528980641425,15.3621474163650902,263.0884889372532598,171.9613378346690240,33.5442444677940088,66.0198895827648471,18.2275743191763908,8.2334787842499519,1.6156638082024959,3.1601028218234388,-0.0819079883330712,-1.3348467404371724,2.1515304971050386,0.3372790967541552
33,224.7502760531892250,224.8539297216815669,19.4222440279628223,79.5809816665156262,0.9967743055096294,-60.2820732321713777,99.6633896832714470,2.7705594280873935,1.0000000000000000,0.9999533602763638,1.0000000000000000,1.0000000000000000,118.4993779928749689,40.6315434506901241,7.7435402577904187,15.3118904015803654,268.8277542027028630,175.7126678043741776,34.2853353795984503,66.0773622299406043,18.6104340798241914,8.4064182912539263,1.6540436928304072,3.1583445226626696,-0.1345353868542430,-1.3598308567163870,2.1549089809178255,0.3362315681624342
34,229.5717642073949776,229.7695817698585188,19.4145556981101457,79.6669621275560473,0.9184821743224800,-59.6243534768327095,99.1609831189557980,2.7983951013268893,1.0000000000000000,0.9999696841796365,1.0000000000000000,1.0000000000000000,120.7297111816764215,41.3962890671249326,7.8929163526897836,15.2703342217638909,274.7564945832595527,179.5878435356776777,35.0624726264915481,66.1618718225489602,19.0146073091888042,8.5889851896719112,1.6954024272022756,3.1599410474612579,-0.1883478866446743,-1.3861479506415104,2.1579159875544942,0.3350620240541703
35,234.5845574470184260,234.8831607954365381,19.4193938871302976,79.7420969675729481,0.8385091452873477,-59.0348581209935404,98.6731811944325017,2.8322133164183416,1.0000000000000000,0.9999802947167638,1.0000000000000000,1.0000000000000000,123.0574144041275417,42.1944213124184131,8.0576273187782537,15.2407614041330284,280.9094456031905338,183.6095690520337484,35.8863038014787463,66.2816073087441566,19.4454583831905943,8.7836025926706736,1.7399307879689185,3.1658032204300808,-0.2423706598465281,-1.4134169778571184,2.1605123288258428,0.3337844541651516
36,239.8174689251017071,240.2229946799793083,19.4385235980634477,79.8035816138135914,0.7578947881152152,-58.5143289402756039,98.2041212507229773,2.8070489255018316,1.0000000000000000,0.9999871915658964,1.0000000000000000,1.0000000000000000,125.5041423200139974,43.0333652234348421,8.2393088461557493,15.2252656936857029,287.3161782552456884,187.7971727075445756,36.7662757310577533,66.4415317622871697,19.9075394067899936,8.9923267069049828,1.7876151343820579,3.1765637627954941,-0.2958809091991625,-1.4413354296974603,2.1626987074742567,0.3324124195375812
37,244.8079074933669403,245.3702868434206721,19.4791267944722648,79.8557633849132174,0.6651098206070954,-58.1320811717755461,97.5446616468300931,2.8149509329516764,1.0000000000000000,0.9999916745178327,1.0000000000000000,1.0000000000000000,127.7535686133064132,43.8046575603493125,8.4320302861526670,15.1648668526934891,293.4561884460176771,191.8104397683298714,37.6599811810475416,66.4567480203944712,20.3732112857078320,9.2026728269292022,1.8353696565295707,3.1851830367697724,-0.3628918586186826,-1.4748072811819799,2.1709591693762631,0.3318497910314949
38,250.0147151940749382,250.7275520852469413,19.5215173158952950,79.9020053364903049,0.5764773476076229,-57.8221840839812273,96.9591492624874434,2.8369717478735179,1.0000000000000000,0.9999945884365913,1.0000000000000000,1.0000000000000000,130.1327425750066027,44.6204382997839488,8.6398740142921344,15.1194915622085819,299.8459894052663799,195.9869764381334960,38.5852923736302316,66.5099828982205565,20.8598572539122102,9.4224930391247526,1.8839332514414222,3.1958956462860422,-0.4249928015442387,-1.5067832050776675,2.1771778147236756,0.3310755395058533
39,255.5466070209979250,256.3914800093883741,19.5643372819933106,79.9392548329953740,0.4964078850049072,-57.5692633218076111,96.4945282147076142,2.8664468806053334,1.0000000000000000,0.9999964824837844,1.0000000000000000,1.0000000000000000,132.7236485419723522,45.5088185609845652,8.8643878286541025,15.1014773530147188,306.6029132497469618,200.4034739771838360,39.5531534885732583,66.6359803298013844,21.3742780318972017,9.6548592600793874,1.9337367464089448,3.2101055363930153,-0.4781287021988642,-1.5355378957175314,2.1801189406905666,0.3299555422307360
40,261.4629120010308156,262.4123661115430082,19.6057520601071786,79.9657726185809281,0.4284753213053355,-57.3617817379820920,96.1778983747278602,2.8970491781971308,1.0000000000000000,0.9999977136144599,1.0000000000000000,1.0000000000000000,135.5755516152119355,46.4866905599790101,9.1047734009930377,15.1165480072122929,313.7888231772054155,205.1003677473248104,40.5676139331341048,66.8480161758981666,21.9189509158134221,9.9008904958079089,1.9849298304225373,3.2281064046615136,-0.5195560604768957,-1.5596936175588418,2.1792624197180643,0.3284625796230083
41,267.7638532949630985,268.7879312420334372,19.6453067252479059,79.9803539666587966,0.3743393080868864,-57.1931292793003010,96.0069212822912448,2.9157137103192898,1.0000000000000000,0.9999985138493990,1.0000000000000000,1.0000000000000000,138.6960590030426488,47.5566626869590081,9.3588716816819897,15.1631561223302569,321.3997751762274788,210.0750798422330377,41.6286181611383483,67.1372116165145769,22.4931250027473766,10.1602475600258995,2.0374423867731477,3.2494477369658266,-0.5487073136573696,-1.5786878349295848,2.1750422349893279,0.3266922216845127
42,274.3738864928869248,275.4451037804000748,19.6807122730072628,79.9852998134128228,0.3339879135759887,-57.0621825246657295,95.9563761497174568,2.9224909071029481,1.0000000000000000,0.9999990340021093,1.0000000000000000,1.0000000000000000,142.0400003213154037,48.7032467388864916,9.6216030026823383,15.2314573275338621,329.3495880691980915,215.2712800489877054,42.7225197330765525,67.4698304406341833,23.0884132023724540,10.4291419656282400,2.0906266199606476,3.2720734830326954,-0.5668006841658920,-1.5925720541864614,2.1685393003650075,0.3248213515633345
43,281.2117151611533927,282.3071710653408672,19.7109795102783458,79.9825453185452631,0.3064751711718529,-56.9668751552014854,95.9971549495984391,2.9296330218498978,1.0000000000000000,0.9999993721013710,1.0000000000000000,1.0000000000000000,145.5562625249469022,49.9089168692348863,9.8884659685462246,15.3117335554599823,337.5463136472084784,220.6288686761149336,43.8373310183146643,67.8138379175826458,23.6971229377947026,10.7040989404075333,2.1439514726149915,3.2942672474864945,-0.5756278361293395,-1.6017731865498630,2.1608598201378308,0.3230163737132247
44,288.2595927643461096,289.3598503729033951,19.7389666037115425,79.9701631276311247,0.2908702686546237,-56.8988775743286652,96.1137199385176899,2.9454957053912878,1.0000000000000000,0.9999995918658912,1.0000000000000000,1.0000000000000000,149.2349423194350493,51.1702773965442148,10.1584822360670088,15.4017071822733573,345.9674489081446609,226.1331371882301084,44.9781107704739540,68.1611171562341838,24.3203958506473192,10.9856341691170858,2.1975307307474070,3.3162984929906290,-0.5763493674571908,-1.6067732089286817,2.1526283737059755,0.3213644713345208
45,295.5566089175616185,296.6431734138088245,19.7689698254924373,79.9443809443964426,0.2866492301075926,-56.8445887899993991,96.3054101329501577,2.9718432237400672,1.0000000000000000,0.9999997347128292,1.0000000000000000,1.0000000000000000,153.1031666579864350,52.4966297196620530,10.4325458773698418,15.5049811791230034,354.6535488373507974,231.8105933567824195,46.1620223046585281,68.5222658007515122,24.9655843243191669,11.2770687570002970,2.2517476174853526,3.3396644837588827,-0.5692874403551321,-1.6078964358685621,2.1439583598193965,0.3198747465118901
46,303.1606499396140180,304.2175658903627209,19.8054917119721097,79.9019849482546647,0.2925233397691615,-56.7887275403290417,96.5674173291578199,2.7521863906063926,1.0000000000000000,0.9999998275633389,1.0000000000000000,1.0000000000000000,157.1950681974401505,53.8996773812814709,10.7119011500162813,15.6258563203292269,363.6688407428076175,237.7032177862843696,47.4119897680111322,68.9127688873380748,25.6423487465029467,11.5827663454129883,2.3068463907635208,3.3661809957586719,-0.5552242482834626,-1.6057328160610276,2.1349513161589364,0.3185290879547152
47,309.6813566572341756,310.7589253980955846,19.7870447098399822,79.9230195615100882,0.2899357286473495,-56.8291313489710532,96.5535809972013652,2.7348879043267216,1.0000000000000000,0.9999998879161703,1.0000000000000000,1.0000000000000000,160.5313049681334405,55.0436196669394207,10.9321518094462427,15.6185681699579320,371.5273870631220916,242.8397638363827298,48.3985442567387167,68.9094319334842140,26.1758405253138307,11.8237470247670160,2.3498750298115096,3.3615439821138513,-0.5574366384552187,-1.6060160281588181,2.1348271922251141,0.3185612030362722
48,316.3093979814425438,317.4086418986744320,19.7695406225817756,79.9426842821438726,0.2877750952707358,-56.8685874545587495,96.5415896622084944,2.7186289557388221,1.0000000000000000,0.9999999271455107,1.0000000000000000,1.0000000000000000,163.9248234353827911,56.2072029311574966,11.1562875028818649,15.6118762208875310,379.5143087369528985,248.0602192875531102,49.4006699294295260,68.9061195850237596,26.7176857570933564,12.0685009970775408,2.3943091924436564,3.3572849093402497,-0.5593412301446191,-1.6061866663626354,2.1347091955089148,0.3185937962690757
49,323.0478880136760722,324.1697112916887136,19.7529811983817680,79.9610450739355940,0.2859737276797247,-56.9068707914045646,96.5311824028289749,2.7033784095708890,1.0000000000000000,0.9999999526445820,1.0000000000000000,1.0000000000000000,167.3771479248965193,57.3909498408669592,11.3844410340936690,15.6057280261156226,387.6332424303239463,253.3669611573429279,50.4192301696476051,68.9028706985438504,27.2683649149101299,12.3172452942297426,2.4400851294628563,3.3533685748570123,-0.5609829012971889,-1.6062673169190524,2.1345975510479520,0.3186263948480141
50,329.8999976180361955,331.0452104549848400,19.7373550573001530,79.9781700250114511,0.2844749176864708,-56.9438204045316283,96.5221379824341597,2.6890982646980977,1.0000000000000000,0.9999999692189783,1.0000000000000000,1.0000000000000000,170.8898320203841479,58.5953930951002064,11.6167406766215731,15.6000762859763444,395.8879225294697903,258.7624303357184203,51.4550216210185454,68.8997135151750797,27.8283199114027759,12.5701795301860084,2.4871535202830373,3.3497638265031728,-0.5623995369959437,-1.6062764946664525,2.1344923181634332,0.3186586311854341
51,336.8689477653325071,338.0382860823295914,19.7226411641025230,79.9941277541545475,0.2832310817408635,-56.9793264857963919,96.5142683646394488,2.6757460780536979,1.0000000000000000,0.9999999799923359,1.0000000000000000,1.0000000000000000,174.4644561736111257,59.8210746055167490,11.8533112122234545,15.5948782755907231,404.2821672001888373,264.2491224731028865,52.5087868907807760,68.8966679741878920,28.3979614236737063,12.8274892096739972,2.5354769447713390,3.3464429680695624,-0.5636232018163061,-1.6062293764031990,2.1343934361487711,0.3186902238115973
52,343.9580046114303400,345.1521461343327246,19.7088115298001831,80.0089862480700873,0.2822022221278315,-57.0133198927482852,96.5074133546495148,2.6632767914644528,1.0000000000000000,0.9999999869950184,1.0000000000000000,1.0000000000000000,178.1026259247229291,61.0685448861807885,12.0942747710292569,15.5900953387600882,412.8198676990239164,269.8295809938919092,53.5812249552739672,68.8937475402097306,28.9776748813643472,13.0893484330276255,2.5850278448966955,3.3433812710066726,-0.5646811007634459,-1.6061383971556904,2.1343007586540019,0.3187209613929656
53,351.1704759729598209,352.3900533833321447,19.6958333123345746,80.0228120247893884,0.2813546628751250,-57.0457636656559899,96.5014361618168550,2.6516441010630221,1.0000000000000000,0.9999999915467619,1.0000000000000000,1.0000000000000000,181.8059706250120655,62.3383626156183936,12.3397515210864324,15.5856924427470975,421.5049802903404839,275.5063918132498202,54.6729997273188175,68.8909606481962555,29.5678253887789069,13.3559221195329219,2.6357868727949265,3.3405565706148481,-0.5655963697745918,-1.6060137363924798,2.1342140795986255,0.3187506894435714
54,358.5097089294881130,359.7553206397648751,19.6836704471941779,80.0356695445266269,0.2806600082783951,-57.0766461575452766,96.4962197171527123,2.6408014755620046,1.0000000000000000,0.9999999945053952,1.0000000000000000,1.0000000000000000,185.5761425729038478,63.6310943405608498,12.5898602416065319,15.5816377875064500,430.3415202567770166,281.2821794221875962,55.7847471442082252,68.8883118470503746,30.1687617912325798,13.6273678442161277,2.6877415458857543,3.3379489298880007,-0.5663887282140623,-1.6058637155400666,2.1341331527022644,0.3187792993302593
55,365.9790883339362040,367.2513073313317591,19.6722849090109086,80.0476208085227228,0.2800942824650334,-57.1059754695917619,96.4916636105072882,2.6307029047209829,1.0000000000000000,0.9999999964285069,1.0000000000000000,1.0000000000000000,189.4148164892842772,64.9473142960429897,12.8447188049768517,15.5779024628570912,439.3335575946412064,287.1596040739640330,56.9170810583214433,68.8858027050064265,30.7808200501293463,13.9038373623817897,2.7408851475549478,3.3355403578652218,-0.5670750191722290,-1.6056951237549706,2.1340577061803732,0.3188067192118598
56,373.5820360551371095,374.8814171717997397,19.6616376826915520,80.0587251006278393,0.2796372166791775,-57.1337749453503534,96.4876815372806078,2.6213034404882540,1.0000000000000000,0.9999999976785294,1.0000000000000000,1.0000000000000000,193.3236892712432677,66.2876043209656132,13.1044445861217920,15.5744601474811404,448.4852140675580472,293.1413598582751661,58.0705981537258111,68.8834325262313456,31.4043260565762274,14.1854778805352097,2.7952158253611570,3.3333145721607789,-0.5676696582058529,-1.6055134854738093,2.1339874537636025,0.3188329065952373
57,381.3220108102467520,382.6490967084496333,19.6516895054939518,80.0690388370398836,0.2792716574649317,-57.1600795252848712,96.4841991649543331,2.6125595789198819,1.0000000000000000,0.9999999984910442,1.0000000000000000,1.0000000000000000,197.3044799738741517,67.6525538518549325,13.3691548132272260,15.5712868442045611,457.8006613561479980,299.2301734918367515,59.2458820669086563,68.8811989175194270,32.0395979867193645,14.4724331202985308,2.8507358489405856,3.3312567975104943,-0.5681850071081329,-1.6053232805749853,2.1339221029104016,0.3188578422376482
58,389.2025084717914751,390.5578345781519829,19.6424014282610742,80.0786154976519526,0.2789830740861747,-57.1849328015893050,96.4811523461253557,2.6044295201053336,1.0000000000000000,0.9999999990191787,1.0000000000000000,1.0000000000000000,201.3589299786247295,69.0427599805873484,13.6389668705389191,15.5683606466641375,467.2841200926738452,305.4288036874049226,60.4435068544960146,68.8790982357507602,32.6869482813347858,14.7648442126009591,2.9074509976080307,3.3293535938447998,-0.5686316860860356,-1.6051281258616146,2.1338613608699299,0.3188815251638950
59,397.2270627560721437,398.6111613351579877,19.6337352338185482,80.0875056185528109,0.2787591476261772,-57.2083846435936039,96.4784856182621979,2.5968733348642914,1.0000000000000000,0.9999999993624662,1.0000000000000000,1.0000000000000000,205.4888033139382912,70.4588275643322106,13.9139985615435524,15.5656615330975914,476.9398596103216619,311.7400409898997964,61.6640399231803187,68.8771259403756062,33.3466853160848160,15.0628504521412179,2.9653700537046390,3.3275927087028170,-0.5690188351829950,-1.6049309248950585,2.1338049390994058,0.3189039686048252
60,405.3992462171895568,406.8126497396856394,19.6256537425944622,80.0957568299149614,0.2785894274889605,-57.2304892886687284,96.4761509411221567,2.5898530605649395,1.0000000000000000,0.9999999995856030,1.0000000000000000,1.0000000000000000,209.6958870998968223,71.9013693780128307,14.1943683390610893,15.5631711835799607,486.7721982693640825,318.1667079895940446,62.9080445151951935,68.8752768701721436,34.0191148161429950,15.3665899363801159,3.0245043824558375,3.3259629498204415,-0.5693543337528569,-1.6047339918682229,2.1337525564149615,0.3189251966950790
61,413.7226714852335476,415.1659154175438289,19.6181210292869466,80.1034139270489902,0.2784650436624398,-57.2513038131076613,96.4741066316703808,2.5833327433934183,1.0000000000000000,0.9999999997306420,1.0000000000000000,1.0000000000000000,213.9819920934639299,73.3710063012616018,14.4801955074304036,15.5608728175508571,496.7855042485631429,324.7116598393940308,64.1760818252601979,68.8735454595752543,34.7045410588009418,15.6762001087635667,3.0848675828023051,3.3244540745255207,-0.5696449851696490,-1.6045391541385918,2.1337039411746792,0.3189452417960016
62,422.2009926986758614,423.6746178180008542,19.6111025695151611,80.1105189652650722,0.2783784652199516,-57.2708869133771969,96.4723164634517758,2.5772784405797777,1.0000000000000000,0.9999999998249173,1.0000000000000000,1.0000000000000000,218.3489533149774502,74.8683675332342631,14.7716004009441360,15.5587510489378733,506.9841967112455450,331.3777850170163219,65.4687128109818701,68.8719259067729155,35.4032678996180223,15.9918182222390932,3.1464751965896838,3.3230566932068077,-0.5698966726467167,-1.6043478371818469,2.1336588327168489,0.3189641423316663
63,430.8379070902941521,432.3424614105710475,19.6045653315126067,80.1171113712316014,0.2783232972553356,-57.2892979407662324,96.4707489032567764,2.5716581929700499,1.0000000000000000,0.9999999998861963,1.0000000000000000,1.0000000000000000,222.7986307398211920,76.3940908297731198,15.0687045418844505,15.5567917565725686,517.3727472723884375,338.1680062839121774,66.7864997474576398,68.8704123032918289,36.1155996511956303,16.3135817362021989,3.2093444658249264,3.3217621846255185,-0.5701144909876807,-1.6041611350352862,2.1336169822311777,0.3189819410471249
64,439.6371566935207511,441.1731970724854932,19.5984778248507965,80.1232280653147200,0.2782941098342584,-57.3065961430763977,96.4693764626032078,2.5664419761422641,1.0000000000000000,0.9999999999260276,1.0000000000000000,1.0000000000000000,227.3329100418685300,77.9488227583219668,15.3716307808736570,15.5549819679282475,527.9556817068327064,345.0852818017994537,68.1300075677055332,68.8689987328535551,36.8418418384064452,16.6416286576368719,3.2734941295625766,3.3205626212374022,-0.5703028582347927,-1.6039798687423852,2.1335781531990934,0.3189986836123430
65,448.6025301421823315,450.1706236274857815,19.5928101157324228,80.1289035905923583,0.2782862936734697,-57.3228400752498786,96.4681751455381828,2.5616016362999261,1.0000000000000000,0.9999999999519179,1.0000000000000000,1.0000000000000000,231.9537033774802239,79.5332189667464178,15.6805034217350183,15.5533097544923216,538.7375818497949922,352.1326063748855972,69.4998050231269104,68.8676793457192815,37.5823018496436063,16.9760978352878276,3.3389442534744074,3.3194507030138656,-0.5704656104871816,-1.6038046348564703,2.1335421215069998,0.3190144175101216
66,457.7378645415584515,459.3385895037424689,19.5875338164549255,80.1341702453623270,0.2782959381821962,-57.3380871477630123,96.4671239773383604,2.5571108157950384,1.0000000000000000,0.9999999999687467,1.0000000000000000,1.0000000000000000,236.6629502006460939,81.1479444628329247,15.9954483326487011,15.5517641373296662,549.7230876498680345,359.3130127917608547,70.8964656921592535,68.8664484135055375,38.3372895001802263,17.3171292141325850,3.4057160863582827,3.3184196985105325,-0.5706060825953323,-1.6036358456951310,2.1335086753162726,0.3190291911563869
67,467.0470473925579995,468.6809944843333824,19.5826220550567882,80.1390582166910406,0.2783197282510704,-57.3523932872480273,96.4662046013729650,2.5529448720600367,1.0000000000000000,0.9999999999796854,1.0000000000000000,1.0000000000000000,241.4626181011409187,82.7936739016791279,16.3165930450129686,15.5503350015796720,560.9168993420047400,366.6295732457162444,72.3205688601838261,68.8653003684649576,39.1071175208130484,17.6648640561040224,3.4738319388118462,3.3174633921334409,-0.5707271769767784,-1.6034737627359317,2.1334776147525134,0.3190430532112672
68,476.5340185541214169,478.2017915287245273,19.5780494299321788,80.1435957132728589,0.2783548567943005,-57.3658126883994726,96.4654009335207121,2.5490807927490478,1.0000000000000000,0.9999999999867955,1.0000000000000000,1.0000000000000000,246.3547036588592789,84.4710918786315403,16.6440668411455306,15.5490130188166660,572.3237797138511951,374.0854008160763442,73.7727002896910733,68.8642298304289397,39.8921019826286738,18.0194451319592588,3.5433150800901374,3.3165760367275094,-0.5708314224157132,-1.6033185243007351,2.1334487514647442,0.3190560520460042
69,486.2027722313301865,487.9049886468508248,19.5737919531659159,80.1478090962796585,0.2783989505533729,-57.3783976398520252,96.4646988652305311,2.5454971093164636,1.0000000000000000,0.9999999999914171,1.0000000000000000,1.0000000000000000,251.3412333081819270,86.1808932256629987,16.9780008316781519,15.5477895763256875,583.9485564435829019,381.6836509962685682,75.2534528961527656,68.8632316239734763,40.6925626667071896,18.3810168882764451,3.6141896498067632,3.3157523107426461,-0.5709210244017798,-1.6031701684741910,2.1334219080914600,0.3190682353378837
70,496.0573589788805293,497.7946508111389221,19.5698269855423916,80.1517230073636000,0.2784500070925672,-57.3901984099972182,96.4640860078841342,2.5421738105849911,1.0000000000000000,0.9999999999944211,1.0000000000000000,1.0000000000000000,256.4242642070133797,87.9237833093517906,17.3185280232889731,15.5466567124774482,595.7961244912488610,389.4275232568668912,76.7634273421903828,68.8623007878632478,41.5088233859354006,18.7497255928192992,3.6864805816672872,3.3149872793470148,-0.5709979083026445,-1.6030286520388470,2.1333969176644429,0.3190796497696157
71,506.1018877108458014,507.8749018931633259,19.5661331655088517,80.1553604932330188,0.2785063412587118,-57.4012631809848841,96.4635514721695699,2.5390922576123520,1.0000000000000000,0.9999999999963737,1.0000000000000000,1.0000000000000000,261.6058851054564798,89.7004783287362244,17.6657833771988741,15.5456070574715035,607.8714485286687932,397.3202626338341474,78.3032325600610335,68.8614325784104579,42.3412122646596245,19.1257194608575318,3.7602135368526350,3.3142763589429705,-0.5710637564562476,-1.6028938660722980,2.1333736229726270,0.3190903408146307
72,516.3405277091529797,518.1499266144564899,19.5626903338541709,80.1587431264777450,0.2785665396680939,-57.4116380215873789,96.4630856773561192,2.5362351006500639,1.0000000000000000,0.9999999999976429,1.0000000000000000,1.0000000000000000,266.8882172095849228,91.5117056114884946,18.0199038586931870,15.5446337788174240,620.1795653953696501,405.3651613337849540,79.8734862104455061,68.8606224680581960,43.1900619807407296,19.5091487645042356,3.8354148450306234,3.3136152846194231,-0.5711200400881707,-1.6027656487408921,2.1333518759042360,0.3191003525929209
73,526.7775106236761076,528.6239725015495878,19.5594794554260893,80.1618911225585720,0.2786294220137598,-57.4213668909501109,96.4626801859759127,2.5335861988449615,1.0000000000000000,0.9999999999984679,1.0000000000000000,1.0000000000000000,272.2734150357488261,93.3582039068424052,18.3810284777561890,15.5437305309749103,632.7255865699356718,413.5655603493230501,81.4748150835886236,68.8598661402281635,44.0557099735047899,19.9001659266481390,3.9121114512672617,3.3130000801301867,-0.5711680468177942,-1.6026437957325244,2.1333315367798869,0.3191097277841916
74,537.4171324576198003,539.3013518366357175,19.5564825388404060,80.1648234529690598,0.2786940081913802,-57.4304916667946159,96.4623275602728967,2.5311305431337638,1.0000000000000000,0.9999999999990041,1.0000000000000000,1.0000000000000000,277.7636672509605091,95.2407236737481355,18.7492983207476627,15.5428914086391678,645.5147006476104252,421.9248510784649966,83.1078554471601620,68.8591594812624095,44.9384986201591516,20.2989256006415495,3.9903308673587459,3.3124270300347836,-0.5712089043938083,-1.6025280686923695,2.1333124736884699,0.3191185075890886
75,548.2637555321324498,550.1864435959181492,19.5536825548726156,80.1675579547253250,0.2787594904024228,-57.4390521930270808,96.4620212372735466,2.5288541825214450,1.0000000000000000,0.9999999999993526,1.0000000000000000,1.0000000000000000,283.3611974948562988,97.1600273627099398,19.1248565729315985,15.5421109032090676,658.5521758159767387,430.4464769428077489,84.7732533438072409,68.8584985701059082,45.8387753824846200,20.7055847365618853,4.0701011263216031,3.3118926536824591,-0.5712436011965567,-1.6024182019633049,2.1332945618323009,0.3191267317299838
76,559.3218104240247612,561.2836953677855263,19.5510633539637269,80.1701114364997665,0.2788252095357812,-57.4470863422229954,96.4617554197786120,2.5267441539890578,1.0000000000000000,0.9999999999995792,1.0000000000000000,1.0000000000000000,289.0682651784858876,99.1168896896781604,19.5078485315218053,15.5413838620100062,671.8433623213180681,439.1339349996051169,86.4716648398608072,68.8578796662463475,46.7568929248356611,21.1203026345129139,4.1514507389622688,3.3113936807446391,-0.5712730039598301,-1.6023139078781992,2.1332776828896467,0.3191344384841635
77,570.5957978705300775,572.5976252433312084,19.5486095830815358,80.1724997816774589,0.2788906352414258,-57.4546300896476225,96.4615249810652955,2.5247884159704581,1.0000000000000000,0.9999999999997264,1.0000000000000000,1.0000000000000000,294.8871662548831409,101.1120979002657094,19.8984216088053358,15.5407054498763095,685.3936949186131642,447.9907775431469759,88.2037562254260337,68.8572991963070962,47.6932092038567106,21.5432409851500175,4.2344086516221173,3.3109270280296896,-0.5712978730956600,-1.6022148808065073,2.1332617243980421,0.3191416647455512
78,582.0902906345834253,584.1328236712067792,19.5463066020091567,80.1747380487743584,0.2789553492150852,-57.4617175958738642,96.4613253813484732,2.5229757854712487,1.0000000000000000,0.9999999999998221,1.0000000000000000,1.0000000000000000,300.8202339559835536,103.1464520224252652,20.2967253247971975,15.5400711127249682,699.2086952983115680,457.0206136909610564,89.9702041647239241,68.8567537396065603,48.6480875296809714,21.9745638973239608,4.3190042043561974,3.3104897773290052,-0.5713188759401874,-1.6021208001194585,2.1332465791648509,0.3191484461098797
79,593.8099353236240177,595.8939552687218111,19.5441403990074392,80.1768405697035007,0.2790190312885920,-57.4683812956967444,96.4611525942910930,2.5212958786738016,1.0000000000000000,0.9999999999998844,1.0000000000000000,1.0000000000000000,306.8698394899959681,105.2207651055668549,20.7029112888071083,15.5394765427756454,713.2939744828609037,466.2271109502447644,91.7716957943356846,68.8562400129176666,49.6218965978307978,22.4144379124904560,4.4052670889741243,3.3100791540600052,-0.5713365981915081,-1.6020313322067958,2.1332321447063585,0.3191548169805374
80,605.7594541543101059,607.8857605800108104,19.5420975056498030,80.1788210463468118,0.2790814480040360,-57.4746519914553033,96.4610030422458919,2.5197390549734466,1.0000000000000000,0.9999999999999248,1.0000000000000000,1.0000000000000000,313.0383926926455729,107.3358634438587274,21.1171331692146396,15.5389176450791009,727.6552351856659016,475.6139967597405871,93.6089287655482565,68.8557548546125417,50.6150104904398148,22.8630320052621876,4.4932273065481274,3.3096925064752525,-0.5713515537636392,-1.6019461316481047,2.1332183227219534,0.3191608106938266
81,617.9436466545893154,620.1130577716858170,19.5401649105589179,80.1806926460379827,0.2791424434022208,-57.4805589491590041,96.4608735388791132,2.5182963642672584,1.0000000000000000,0.9999999999999512,1.0000000000000000,1.0000000000000000,319.3283426251402943,109.4925867812604849,21.5395466507461677,15.5383905050364568,742.2982741245579064,485.1850600018788100,95.4826112257040336,68.8552952083331178,51.6278086449333102,23.3205175692616038,4.5829151242035993,3.3093272852165967,-0.5713641932428736,-1.6018648416208499,2.1332050186055209,0.3191664596604235
82,630.3673912936048964,632.5807442547954906,19.5383299716678280,80.1824680965122525,0.2792019318198026,-57.4861299960943128,96.4607612381937685,2.5169594972820120,1.0000000000000000,0.9999999999999682,1.0000000000000000,1.0000000000000000,325.7421781109131871,111.6917884955633866,21.9703093785283627,15.5378913565949937,757.2289842809932452,494.9441524794468705,97.3934617318992508,68.8548581062887024,52.6606757877717513,23.7870683871925692,4.6743610312496289,3.3089810229919943,-0.5713749111005664,-1.6017870936038339,2.1331921410000572,0.3191717955241457
83,643.0356470287579214,645.2937982208087533,19.5365803265322988,80.1841597809353033,0.2792598925318686,-57.4913916189384153,96.4606635889555406,2.5157207388178282,1.0000000000000000,0.9999999999999793,1.0000000000000000,1.0000000000000000,332.2824282022463080,113.9343357583883574,22.4095808882416279,15.5374165508017228,772.4533570952842183,504.8951903504486154,99.3422090886123925,68.8544406522784840,53.7140018303152971,24.2628605838018707,4.7675956950039371,3.3086513141452478,-0.5713840517868785,-1.6017125064170374,2.1331796013996036,0.3191768493361805
84,655.9534547577196690,658.2572800776174518,19.5349038001881397,80.1857798336830569,0.2793163661285016,-57.4963690613671474,96.4605782937506149,2.5145729236135006,1.0000000000000000,0.9999999999999866,1.0000000000000000,1.0000000000000000,338.9516625671537895,116.2211096678418443,22.8575225218399360,15.5369625244095655,787.9774845867376598,515.0421555138807435,101.3295920991635342,68.8540400045061745,54.7881817234606814,24.7480725602180520,4.8626499170469932,3.3083357938900919,-0.5713919148018543,-1.6016406846225664,2.1331673138067293,0.3191816517461926
85,669.1259386619013867,671.4763337696227836,19.5332883099400796,80.1873402375115489,0.2793714525480431,-57.5010864204810801,96.4605032718646385,2.5135093946542897,1.0000000000000000,0.9999999999999912,1.0000000000000000,1.0000000000000000,345.7524917857386981,118.5530053501320111,23.3142973284799808,15.5365257682124653,803.8075613861610691,525.3890969382302956,103.3563592186457640,68.8536533582665129,55.8836152671606570,25.2428849079104580,4.9595545911071559,3.3080321169619120,-0.5713987588184825,-1.6015712162951481,2.1331551944519149,0.3191862332097588
86,682.5583074258560146,684.9561879637712991,19.5317217664366716,80.1888529228288860,0.2794253107338514,-57.5055667409313855,96.4604366253921057,2.5125239636486718,1.0000000000000000,0.9999999999999943,1.0000000000000000,1.0000000000000000,352.6875675443153568,120.9309320261300797,23.7800699506296667,15.5361027947857231,819.9498866663325316,535.9401319232795231,105.4232680936954694,68.8532779285846743,57.0007068705415350,25.7474803003332404,5.0583406643845086,3.3077379354301493,-0.5714048049090464,-1.6015036701571264,2.1331431615858847,0.3191906242141395
87,696.2558553155138270,698.7021570809229161,19.5301919703213187,80.1903298697599922,0.2794781599186353,-57.5098321064462823,96.4603766079232798,2.5116108733955533,1.0000000000000000,0.9999999999999963,1.0000000000000000,1.0000000000000000,359.7595827145622707,123.3558130385106182,24.2550064957973071,15.5356901052972702,836.4108659539712107,546.6994472844553457,107.5310849717393609,68.8529109329094382,58.1398652579473705,26.2620433601441583,5.1590391048870989,3.3074508753959857,-0.5714102389034165,-1.6014375920585511,2.1331311353572060,0.3191948555233969
88,710.2239630958237058,712.7196421489868499,19.5286865036942672,80.1917832137302184,0.2795302825748240,-57.5139037277480512,96.4603215952522106,2.5107647617883977,1.0000000000000000,0.9999999999999977,1.0000000000000000,1.0000000000000000,366.9712713038234142,125.8285858347106796,24.7392743949455607,15.5352841550328495,853.1970128043560635,557.6713004474032687,109.6805839591775111,68.8525495739924764,59.3015031158833423,26.7867604997273006,5.2616808783304059,3.3071685122740595,-0.5714152128881278,-1.6013725007700790,2.1331190377888261,0.3191989584442050
89,724.4680987663044789,727.0141314510649408,19.5271926155968814,80.1932253552909771,0.2795820291116927,-57.5178020258527454,96.4602700575887440,2.5099806271204228,1.0000000000000000,0.9999999999999984,1.0000000000000000,1.0000000000000000,374.3254082618985876,128.3502019006812986,25.2330422495823150,15.5348813172729088,870.3149503169823902,568.8600204386589212,111.8725461044746226,68.8521910231250303,60.4860366756708530,27.3218197326764738,5.3662969394000344,3.3068883443350976,-0.5714198458329921,-1.6013078830435008,2.1331067928731557,0.3192029651150298
90,738.9938180907773813,741.5912009384575185,19.5256971006765809,80.1946690748869315,0.2796338244365242,-57.5215467099970326,96.4602205327229711,2.5092537943456117,1.0000000000000000,0.9999999999999990,1.0000000000000000,1.0000000000000000,381.8248091286984049,130.9216266400739528,25.7364796707063270,15.5344778451289915,887.7714124676045913,580.2700087563051738,114.1077582778889337,68.8518324039665686,61.6938852265077600,27.8674104538422753,5.4729182437580066,3.3066077641503018,-0.5714242233095805,-1.6012431878809938,2.1330943268069862,0.3192069088201127
91,753.8067648947826456,756.4565143738316237,19.5241861701834765,80.1961276532782819,0.2796861765392125,-57.5251568488645049,96.4601715996567464,2.5085798819481475,1.0000000000000000,0.9999999999999993,1.0000000000000000,1.0000000000000000,389.4723295065167576,133.5438391932912907,26.2497571143982533,15.5340698309232792,905.5732452285060390,591.9057401022089380,116.3870118147813315,68.8514707772721124,62.9254705537685837,28.4237231856097416,5.5815757891822706,3.3063240275425914,-0.5714283962435698,-1.6011778199416118,2.1330815683927868,0.3192108243316076
92,768.9126711022715881,771.6158231661286209,19.5226453144361898,80.1976149982528455,0.2797396873095969,-57.5286509336497573,96.4601218521724917,2.5079547689720094,1.0000000000000000,0.9999999999999996,1.0000000000000000,1.0000000000000000,397.2708643405953239,136.2178321908042165,26.7730457209751478,15.5336531626810856,923.7274074449632053,603.7717629549006233,118.7111008838977000,68.8511031269262475,64.1812162978001481,28.9909492882633835,5.6923006967715342,3.3060342196082879,-0.5714323786134756,-1.6011111319985387,2.1330684496400112,0.3192147482816000
93,784.3173564801451221,787.0749658532128024,19.5210591559108870,80.1991457782526567,0.2797950658365175,-57.5320469313402043,96.4600698717943743,2.5073745617600229,1.0000000000000000,0.9999999999999997,1.0000000000000000,1.0000000000000000,405.2233469915533419,138.9446114351027575,27.3065171673709308,15.5332234772576268,942.2409714315284646,615.8726999593196751,121.0808205354758229,68.8507263478125822,65.4615472292066443,29.5692806326301501,5.8051243463530398,3.3057352173206747,-0.5714361439863446,-1.6010424163482484,2.1330549066035061,0.3192187195676044
94,800.0267280575684481,802.8398671835202549,19.5194112921355760,80.2007355633620591,0.2798531445028410,-57.5353623257007314,96.4600141995645544,2.5068355598544034,1.0000000000000000,0.9999999999999998,1.0000000000000000,1.0000000000000000,413.3327480843716444,141.7251955060312412,27.8503435460085988,15.5327761096034891,961.1211232470158166,628.2132481065523280,123.4969643765008414,68.8503372362123685,66.7668884379054930,30.1589092337722242,5.9200785842719936,3.3054236481720918,-0.5714396207425250,-1.6009708950553183,2.1330408805070240,0.3192227797936599
95,816.0467791845284182,818.9165367417543848,19.5176841276693551,80.2024009740863448,0.2799148982440823,-57.5386141435816114,96.4599533060462733,2.5063342204254324,1.0000000000000000,0.9999999999999999,1.0000000000000000,1.0000000000000000,421.6020741204260958,144.5606152848766044,28.4046972880368536,15.5323060376386479,980.3751626016862701,640.7981786731654665,125.9603218117349570,68.8499324836081144,68.0976644351803913,30.7600268453802919,6.0371960268231906,3.3050958442487484,-0.5714426858090973,-1.6008957089038902,2.1330263192069063,0.3192269737501631
96,832.3835881930294818,835.3110670577617611,19.5158586945314525,80.2041598380600504,0.2799814674090102,-57.5418189630294137,96.4598855588084660,2.5058671205573813,1.0000000000000000,0.9999999999999999,1.0000000000000000,1.0000000000000000,430.0343658419639610,147.4519133935735056,28.9697511547150128,15.5318078221590063,1000.0105023445080406,653.6323368860669234,128.4716747788149860,68.8495086750265557,69.4542981706883040,31.3728245157511090,6.1565104889532485,3.3047477910556204,-0.5714451566812832,-1.6008159049081434,2.1330111790632289,0.3192313499352079
97,849.0433166234798819,852.0296311313242086,19.5139144606430044,80.2060313546207908,0.2800541847374652,-57.5449928991569735,96.4598091867074316,2.5054309164684874,1.0000000000000000,0.9999999999999999,1.0000000000000000,1.0000000000000000,438.6326963434141248,150.4001435471028572,29.5456783282857920,15.5312755411782337,1020.0346674720060491,666.7206412746642172,131.0317938939479063,68.8490622933452556,70.8372099703250058,31.9974921080164592,6.2780575758503989,3.3043750703306318,-0.5714467814598084,-1.6007304222191399,2.1329954272972746,0.3192359611191388
98,866.0322069792682669,869.0784792983374700,19.5118291260788936,80.2080362668617113,0.2801346070582628,-57.5481515624894939,96.4597222400291940,2.5071102456442729,1.0000000000000000,0.9999999999999999,1.0000000000000000,1.0000000000000000,447.4001689306926437,153.4063698194817960,30.1326526432627766,15.5307027180602333,1040.4552935935639653,680.0680826677469213,133.6414339108069669,68.8485897313645552,72.2468164061606473,32.6342177896879306,6.4018754850204029,3.3039727959920659,-0.5714472265803774,-1.6006380762468029,2.1329790449309138,0.3192408649545291
99,883.3474457235838599,886.4527560967226236,19.5074810321064618,80.2121011560859642,0.2804178118076116,-57.5532080668041459,96.4595618652826090,2.5078847201375654,1.0000000000000000,0.9999999999999999,1.0000000000000000,1.0000000000000000,456.3281440973000258,156.4676298619648946,30.7162756629339775,15.5294753127199581,1061.2772729037856152,693.6778587283235993,136.3113861705222689,68.8478069975581661,73.6763519052787359,33.2799455204994956,6.5136901481019356,3.3030480031249412,-0.5713871237345067,-1.6004112582764067,2.1329642983951658,0.3192518954233591
100,900.9967582064060707,904.1641797041708060,19.5018915117031675,80.2173324448933585,0.2807760434026162,-57.5590888812702417,96.4594875095650934,0.0250000000000000,1.0000000000000000,0.9999999999999999,1.0000000000000000,1.0000000000000000,465.4213022086283900,159.5855284970670027,31.3402309711731277,15.5279958566621747,1082.5092503764410594,707.5556200314574653,138.9534299605686840,68.8465980573446359,75.1268813531914077,33.9351563141131152,6.6643614050928219,3.3019595924727594,-0.5713181238881917,-1.6001196604449077,2.1329468240805403,0.3192670036551754
