period,rgdp,ngdp,iy,cy,tby,nfay,reer,rir,pi,tau_a,tau_s,tau_i,tau_t,y,va,i,l,tbsm-0,tbsf-0
0,287.7702381883214002,376.1658714460395458,25.4532751087757241,76.5316089783957665,-1.9848840871715006,1.9140492390556572,77.4953568363578142,2.8788971191646473,129.0399890811056878,1.0000000000000000,1.0000000000000000,1.7609025865206680,1.0000000000000000,547.3997213428730220,288.4139096521009833,74.1991182782140299,189.5427980149837595,-1.7533934182939086,-0.2314906688775921
1,293.9349900642257580,374.4768715081409596,23.7653781734837217,78.0154222472732073,-1.7808004207569137,-0.0732027940158573,79.3888375042672294,3.1929014913788301,125.9622928659521790,1.0000000000000000,1.0000000000000000,1.9814890777754468,1.0000000000000000,558.8760605063256435,294.4605620663641616,70.6527665234300741,188.4695044131710802,-1.6207842370976431,-0.1600161836592709
2,296.4380650784634668,368.1840165232309801,20.9764890480267212,80.5560696137419257,-1.5325586617687161,-1.9458993606954058,81.3140594534040986,3.6061308264493386,122.9799627176449803,1.0000000000000000,1.0000000000000000,2.4789168152986263,1.0000000000000000,563.4175997301925918,296.8534077919347851,62.8005393690847953,185.7448517546868345,-1.4663532798705345,-0.0662053818981817
3,293.4064963566142978,353.7860352408170002,16.1849592753372171,84.9909260702412439,-1.1758853455784903,-3.7505630165458519,83.6225100578959655,2.5437967102106329,119.5850255281323911,1.0000000000000000,1.0000000000000000,1.0974829143702112,0.9999999999999999,557.4423509440438238,293.7051693176267122,47.8823543940172982,180.0663423848674540,-1.2522504465938165,0.0763651010153259
4,296.4801582492162879,359.7250294535974149,15.7221689152077868,85.4616901962509701,-1.1838591114588066,-4.9683634443210316,83.1310873447131087,4.0578369222300514,120.2919427546254525,1.0000000000000000,1.0000000000000000,1.6116523201458728,0.9999999999999999,563.3240591742204515,296.8041231532930624,47.0160972263463108,180.3630277601231171,-1.2634116247892189,0.0795525133304123
5,301.5084885828479742,363.1820228704227134,13.9822897599916729,87.0617913725650254,-1.0440811325566901,-6.3409327182345354,83.7039046783544904,3.4279504007023620,119.4687397012910139,1.0000000000000000,1.0000000000000000,2.0544204583409673,1.0000000000000000,572.8284161143693609,301.8117777737828078,42.5058160996009704,179.4344257467724333,-1.1843716493530894,0.1402905167963993
6,300.8771729118819280,356.1874407379866625,10.3761764169305390,90.4130539647715068,-0.7892303817019785,-7.7881619507810624,85.0920546028882967,2.7405671142978427,117.5197854449335608,1.0000000000000000,1.0000000000000000,1.0924613994539025,1.0000000000000000,571.5198147486864855,301.1223020189782460,31.4488637687661381,175.9293707569019887,-1.0353411352108168,0.2461107535088385
7,302.5661536288065463,361.0239188394011762,9.4487736995977585,91.3422545933521519,-0.7910282929499610,-8.6944048683607296,84.4577242355616846,2.9565530022607200,118.4024325840100431,1.0000000000000000,1.0000000000000000,0.1878029282222722,1.0000000000000000,574.7763464848925423,302.8381031298031303,28.8105002136259181,175.8922734323410282,-1.0453177539645879,0.2542894610146270
8,307.1981195509168288,380.8684713296202062,11.2637298189449080,89.8001864898271407,-1.0639163087719716,-9.2570394666349678,81.4510456898717194,3.1573503253683244,122.7731321961834254,1.0000000000000000,1.0000000000000000,0.3694044755318920,0.9999999999999999,583.8538001162830824,307.6208309782799688,34.9424949976536254,179.0825748310160179,-1.2280826309095723,0.1641663221376007
9,313.5590282520315100,400.7585713100197040,12.8131430686810006,88.4663867777303778,-1.2795298464112976,-10.1184105954906158,79.1501995663524269,2.8809121786359748,126.3420693161600923,1.0000000000000000,1.0000000000000000,0.7799461943723679,1.0000000000000000,596.2197463960554842,314.1361994997466809,40.6434447210583869,182.4065636942179367,-1.3729909780753906,0.0934611316640929
10,322.8077578326156640,413.6511176778150798,13.3085555531813764,88.0013381668847643,-1.3098937200662029,-11.3608233515310779,78.9573273893746972,2.0538512445069212,126.6506900706684746,1.0000000000000000,1.0000000000000000,0.7703278563198457,1.0000000000000000,613.8323904355027025,323.4159476045981023,43.4667894519882765,185.3145240664529183,-1.3913715983614574,0.0814778782952544
11,333.9213804316070764,423.9898291667990406,13.9039053532682626,87.3923820136939327,-1.2962873669623336,-12.6156419748549151,79.6408371116726954,2.3437278614982571,125.5637228671763808,1.0000000000000000,1.0000000000000000,0.2608839115652374,1.0000000000000000,634.8700583462486975,334.5002719393200437,46.9491850103832462,188.4912965409172614,-1.3734771473561542,0.0771897803938207
12,351.2002807753689240,450.5069427369867299,16.8603726743517086,84.6065726774855307,-1.4669453518373914,-13.3999304961270802,78.8793535149985985,2.3562329575426144,126.7758869004744327,1.0000000000000000,0.9999999999999999,0.4418464065553533,1.0000000000000000,667.8337731405534896,351.8681906462556981,59.9145084497925495,195.1850507830609445,-1.4714169627959577,0.0044716109585663
13,364.2879130311822564,473.1060019366554457,18.8384283652867843,82.7751395222793178,-1.6135678875662172,-14.4902887349045564,77.9689161670882100,3.5989415922116796,128.2562396862089429,1.0000000000000000,1.0000000000000000,1.5877815272131997,1.0000000000000000,692.8701922697389364,365.0593766173097947,69.4903698134014434,200.3194082088377854,-1.5597962942305570,-0.0537715933356601
14,371.7838908039148578,468.1943966454379051,16.1786517171833317,85.1607801578479666,-1.3394318750312959,-16.8584429131895561,80.2607435657229900,3.0898051204156340,124.5939117398197737,1.0000000000000000,1.0000000000000000,0.2139958257473608,0.9999999999999999,706.7653960447945565,372.3804801727611675,60.7955394729168148,198.4342824678809052,-1.3853254273649600,0.0458935523336643
15,403.5237878390390733,510.1526133839276440,20.5368586240237896,80.9786694824589830,-1.5155281064827351,-17.2171985228621800,79.9661434158577293,3.1244719746196248,125.0529233102536608,1.0000000000000000,1.0000000000000000,1.5847829492165755,1.0000000000000000,767.1495676764811833,404.1956863966051401,83.7799854686238774,208.6847545715528440,-1.4784807291927180,-0.0370473772900168
16,421.5004533025098112,504.3139021186186710,18.4642848145101652,82.6765472386554023,-1.1408320531655982,-19.5416805159231437,84.2391480955624274,2.8516031327627811,118.7096525318111588,1.0000000000000000,1.0000000000000000,0.6700942162566281,1.0000000000000000,800.7366553239572795,421.8920477291838438,78.4417722235338175,207.6342964791562338,-1.2256847270511353,0.0848526738855371
17,438.4233889786053737,524.6355490692171770,19.6387509809432466,81.5479028984481999,-1.1866538793913661,-20.4483178721658376,84.2279155352893270,2.9926772466664531,118.7254835460133791,1.0000000000000000,1.0000000000000000,0.7855612405668082,1.0000000000000000,832.8869556812596784,438.8313947200656457,86.7815956287739425,210.6918632851856046,-1.2490565107788969,0.0624026313875307
18,455.7689782730958541,542.7601388289174338,20.3912014319425339,80.7967190607428023,-1.1879204926853251,-21.5383509931485548,84.6150506799537538,3.0786732666943983,118.1822845893432543,1.0000000000000000,1.0000000000000000,0.8606148063684254,1.0000000000000000,865.7929322685407669,456.1688923263416768,93.6479723551352947,212.9004318850985840,-1.2442478491277529,0.0563273564424280
19,473.5326641926448019,559.4215294035474244,20.8688372780198961,80.2922332130200544,-1.1610704910399132,-22.7282385579083694,85.2595803125858964,3.1173814152368085,117.2888719758782514,1.0000000000000000,1.0000000000000000,0.9093996241394765,1.0000000000000000,899.4618394525546137,473.9083627280314772,99.5360998044608891,214.5214515903644781,-1.2216771483036055,0.0606066572636924
20,491.7393186621771974,575.1227692394520545,21.1705255100731797,79.9460394743928902,-1.1165649844659895,-23.9615042832331753,86.0769198340692157,3.1088963530077063,116.1751607664055967,1.0000000000000000,1.0000000000000000,0.9411097556906597,1.0000000000000000,933.9525949999022032,492.0808485120250566,104.8042557228686604,215.7503635763092120,-1.1879250988078007,0.0713601143418112
21,510.2470982779864244,590.0469115524510926,21.3511557951118789,79.7101051898738149,-1.0612609849856427,-25.2036973661502444,87.0088537163894102,3.0718569915207716,114.9308325862515687,1.0000000000000000,1.0000000000000000,0.9617213411989288,1.0000000000000000,969.0046805196396917,510.5490877749293190,109.6153508287385563,216.6109798846333092,-1.1473466510592318,0.0860856660735890
22,529.0926362782287242,604.3932267119239441,21.4546735988252486,79.5444980140953533,-0.9991716129207173,-26.4291849354048445,88.0288661035519908,3.0398975781662063,113.5991004159543536,1.0000000000000000,1.0000000000000000,0.9751188717793038,1.0000000000000000,1004.6928011613150602,529.3524411583598521,114.1475536070703498,217.2155309473036482,-1.1023968209233699,0.1032252080026525
23,548.3056827223098253,618.4305865457843083,21.5103888296972059,79.4230811007183775,-0.9334699304156602,-27.6206460400982188,89.1015282963393105,3.0290924585868906,112.2315205048042657,1.0000000000000000,1.0000000000000000,0.9838272666565474,1.0000000000000000,1041.0788541601264114,548.5235210713188962,118.5289330568063093,217.6390849141412787,-1.0551961295846808,0.1217261991690205
24,567.9581159925810425,632.4695482939937392,21.5403551237530095,79.3261638047461872,-0.8665189284993230,-28.7660303312537167,90.1936270214151534,3.0300857988574625,110.8725785872392464,1.0000000000000000,1.0000000000000000,0.9894877233267558,1.0000000000000000,1078.3034864748237851,568.1364315691652109,122.8763581474082827,217.9581498238860036,-1.0073899560629835,0.1408710275636605
25,588.0987295924542195,646.7073174955445438,21.5582511018874214,79.2415252104355687,-0.7997763123230153,-29.8582893060693486,91.2845706385320028,2.9745105254309401,109.5475383194595622,1.0000000000000000,1.0000000000000000,0.9931670201623913,1.0000000000000000,1116.4615075708275072,588.2411258534219769,127.2678414675102374,218.2146980667072000,-0.9599754140986319,0.1601991017756164
26,608.6928522602212297,660.8360296028685070,21.5670433711422511,79.1655340497061530,-0.7325774208483447,-30.8950247510679681,92.4096130078902576,2.9798109793335525,108.2138499935733051,1.0000000000000000,1.0000000000000000,0.9955585631055544,1.0000000000000000,1155.4852481973048270,608.8019503560747125,131.7047615670723815,218.3917754977158836,-0.9121875767420055,0.1796101558936608
27,629.8129750411367240,675.3139284172902990,21.5762744588268944,79.0905601013629251,-0.6668345601898974,-31.8717832883624830,93.5167181760430708,2.9796106875672024,106.9327516516911203,1.0000000000000000,1.0000000000000000,0.9971130660186103,1.0000000000000000,1195.5161030525387105,629.8934031014116499,136.2609531723352063,218.5323102571487937,-0.8656210775747428,0.1987865173848453
28,651.4445184839271406,690.1327131120076501,21.5872899538118119,79.0154955327212463,-0.6027854865330033,-32.7886427739965143,94.6043826979175293,2.9674672696250681,105.7033481411862965,1.0000000000000000,1.0000000000000000,0.9981234929120967,1.0000000000000000,1236.5262550204945455,651.5008278101581709,140.9425079389214943,218.6226481029344768,-0.8203934803691474,0.2176079938361439
29,673.5347624206352748,705.2132879867881456,21.5987213841442838,78.9417347507197320,-0.5404561348640624,-33.6470623613619608,95.6753531153482157,2.9513481219504145,104.5201263897483841,1.0000000000000000,1.0000000000000000,0.9987802703928629,1.0000000000000000,1278.4153226885471213,673.5713355338131123,145.7298785386553845,218.6318555979163420,-0.7764675864438727,0.2360114515798103
30,696.0449319808490145,720.5283808147745503,21.6098553216220104,78.8700980178219169,-0.4799533394439849,-34.4483965333399311,96.7278417462238167,2.9479955816406944,103.3828504748002928,1.0000000000000000,1.0000000000000000,0.9992071757553609,1.0000000000000000,1321.1096225285587025,696.0661039025459331,150.6102220341194595,218.5413975281004753,-0.7339005353239141,0.2539471958799290
31,719.0203378060969044,736.2014093349430368,21.6238682667069568,78.7977167523456785,-0.4215850190525129,-35.1925236602383791,97.7521466032650324,2.9365799614443411,102.2995437694663536,1.0000000000000000,1.0000000000000000,0.9994846642409846,1.0000000000000000,1364.6951556060469102,719.0304451490324027,155.6167477061061959,218.3751087413499761,-0.6929358631962200,0.2713508441437071
32,742.4287528826621383,752.1740142372804030,21.6397454026272484,78.7255066909411454,-0.3652520935684756,-35.8814622702004158,98.7517928222618480,2.9327138936329211,101.2639843207553412,1.0000000000000000,1.0000000000000000,0.9996650317566400,1.0000000000000000,1409.1103276035451017,742.4319064655339844,160.7368530454980657,218.1173260868623345,-0.6534648635378704,0.2882127699693947
33,766.3191692679191647,768.5341261369201220,21.6601000859027195,78.6509842007594528,-0.3110842866621966,-36.5154988135956415,99.7222806911078408,2.9416559346089333,100.2784927369966965,1.0000000000000000,1.0000000000000000,0.9997822706418160,1.0000000000000000,1454.4478341273670594,766.3193273037019253,166.0029547434144490,217.7906611924251195,-0.6155820933265568,0.3044978066643602
34,790.7705536188420865,785.4245525699449217,21.6884880864476912,78.5708080868869985,-0.2592961733345889,-37.0946483926723474,100.6560180695884554,2.9578944516622796,99.3482574791157163,1.0000000000000000,1.0000000000000000,0.9998584759171804,1.0000000000000000,1500.8571194816427123,790.7714468633366778,171.4642157140769996,217.4257210523580852,-0.5794547081518490,0.3201585348172600
35,815.8452180076573086,802.9446785279070582,21.7273036017346008,78.4827034464955773,-0.2100070482301292,-37.6196691235118266,101.5488003554233529,2.9797250432854083,98.4748216128575251,1.0000000000000000,1.0000000000000000,0.9999080093461672,1.0000000000000000,1548.4558579638271567,815.8502653663440469,177.1602377139537055,217.0399642617607014,-0.5451641979774190,0.3351571497472899
36,841.6163298786669884,821.1902450667986386,21.7790522801202791,78.3842368689716693,-0.1632891490918975,-38.0913350221939240,102.3982320138866697,2.9528102243991494,97.6579361120595593,1.0000000000000000,1.0000000000000000,0.9999402060750087,1.0000000000000000,1597.3822714137143066,841.6286091216533123,183.1366296612328597,216.6510370771666487,-0.5127496725483962,0.3494605234564987
37,870.1030665390684362,840.5231802734149369,21.9230711417960471,78.1933944776146888,-0.1164656194107157,-38.4783315130993060,103.3937894478222574,2.9506644261547699,96.7176080246726002,1.0000000000000000,1.0000000000000000,0.9999611339487556,1.0000000000000000,1651.4731479528816180,870.1280046655517708,190.5221795059495378,217.0082461956208988,-0.4790321383335449,0.3625665189228292
38,898.5455471645360603,860.1326123303936129,22.0412099467276335,78.0312792792562391,-0.0724892259839395,-38.8277475190960502,104.3075435517128540,2.9599395370613735,95.8703432129266275,1.0000000000000000,1.0000000000000000,0.9999747370666912,1.0000000000000000,1705.4860480025472498,898.5863159645716678,197.7500325444256362,217.1888607662129402,-0.4477039022358428,0.3752146762519032
39,926.4200574282232310,879.9761367701563586,22.1194031203301336,77.9129191744040952,-0.0323222947341864,-39.1484924470803293,105.0914641881916936,2.9753998018810623,95.1552067263291548,1.0000000000000000,1.0000000000000000,0.9999835790933492,1.0000000000000000,1758.4233472870685091,926.4779148415627787,204.5557734057664732,217.0562669855446529,-0.4196575019780325,0.3873352072438460
40,953.3279983614816047,900.0218259446409093,22.1503206771143581,77.8464489494372316,0.0032303734483749,-39.4479830679947625,105.7142834838837189,2.9922246251792961,94.5945965903889459,1.0000000000000000,1.0000000000000000,0.9999893264106769,1.0000000000000000,1809.5245619742356666,953.4021176521551979,210.7495859134656655,216.5462596576157921,-0.3955387102966997,0.3987690837450746
41,979.1965947361986764,920.3186282147438533,22.1384004953222053,77.8278585166562209,0.0337409880215513,-39.7290797196593459,106.1729144496496531,2.9996072421241138,94.1859800292314020,1.0000000000000000,1.0000000000000000,0.9999930621669401,1.0000000000000000,1858.6487694686436498,979.2846751135770091,216.3207556835972696,215.7192841144815532,-0.3755500992848083,0.4092910873063596
42,1004.1361265340898399,940.8734257460304207,22.0930468296962488,77.8477397058088201,0.0592134644948133,-39.9928257779264626,106.4881122610775463,2.9974814144760220,93.9071957204287884,1.0000000000000000,1.0000000000000000,0.9999954904085110,1.0000000000000000,1906.0042459041028451,1004.2353237340827263,221.3542902261512779,214.6868058589841155,-0.3594743352365683,0.4186877997313816
43,1028.3552836236490293,961.7113265010142413,22.0248259594875222,77.8952884233339944,0.0798856171783935,-40.2394164413501159,106.6870459269184153,2.9959764473487915,93.7320919622245583,1.0000000000000000,1.0000000000000000,0.9999970687655322,1.0000000000000000,1951.9871642540372250,1028.4627990897213294,225.9794286677095840,213.5725040333618097,-0.3469316669047644,0.4268172840831579
44,1052.0637013227476473,982.9399566632517917,21.9421939519791707,77.9618376709926082,0.0959683770282707,-40.4693874628132377,106.7862006309861869,3.0021059536227357,93.6450584524148582,1.0000000000000000,1.0000000000000000,0.9999980946975959,1.0000000000000000,1996.9954739096099274,1052.1767727153403484,230.3149736749284955,212.4788741718994913,-0.3376600444724769,0.4336284215007475
45,1075.3796308743976624,1004.6960401770181761,21.8491590374178664,78.0432514408930018,0.1075895216890914,-40.6849637267191611,106.7890745371330325,3.0178968479405377,93.6425382778532338,1.0000000000000000,1.0000000000000000,0.9999987615534374,1.0000000000000000,2041.2532397491033862,1075.4952998912799558,234.4208515680881248,211.4636448385325309,-0.3315597898482419,0.4391493115373333
46,1098.5419486358723589,1027.1883441293616670,21.7519565882799633,78.1329781905553062,0.1150652211647423,-40.8866216347550520,106.7032502113036401,2.8305899419605263,93.7178575179019617,1.0000000000000000,1.0000000000000000,0.9999991950097343,1.0000000000000000,2085.2139693773492581,1098.6573246583691343,238.4108734583591058,210.6103767943003788,-0.3284011323286065,0.4434663534933488
47,1123.7125971164743987,1049.2075028339886558,21.7035208804449837,78.1725779582891391,0.1239011612659608,-41.0457610936227368,106.8526171765852126,2.8073379088230599,93.5868513494053502,1.0000000000000000,1.0000000000000000,0.9999994767563273,1.0000000000000000,2133.0014593087398680,1123.8355925057869626,243.3194045674205768,210.5383096305771744,-0.3224782732791355,0.4463794345450963
48,1149.1988448434190104,1071.6064715724269263,21.6588801138636704,78.2092408418795202,0.1318790442567258,-41.1913037487172531,106.9875781015306302,2.7857365629515796,93.4687949521584471,1.0000000000000000,1.0000000000000000,0.9999996598916128,1.0000000000000000,2181.3876533806474072,1149.3293055300271135,248.3159872651345665,210.4716312239190756,-0.3171322381516977,0.4490112824084235
49,1175.0186926413300625,1094.3945952528983980,21.6177252621441909,78.2431884907753101,0.1390862470803957,-41.3244517540396501,107.1095789806610128,2.7656655039588030,93.3623313168426847,1.0000000000000000,1.0000000000000000,0.9999997789295483,1.0000000000000000,2230.4067281453817486,1175.1564706695032783,253.4032875449914570,210.4099286341309210,-0.3123040175355278,0.4513902646159235
50,1201.1896893369860209,1117.5814442967784998,21.5797739505573070,78.2746254471162217,0.1456006023265066,-41.4462956670329561,107.2199118830867519,2.7470136342040208,93.2662583317924998,1.0000000000000000,1.0000000000000000,0.9999998563042064,1.0000000000000000,2280.0920056759796353,1201.3346446546770494,258.5839227458404821,210.3528216851713353,-0.3079410940749580,0.4535416964014646
51,1227.7289896297229461,1141.1768033956452655,21.5447679532600525,78.3037405050904880,0.1514915416494265,-41.5578255475370355,107.3197326494210699,2.7296783660542889,93.1795090532583572,1.0000000000000000,1.0000000000000000,0.9999999065977342,1.0000000000000000,2330.4760624011246364,1227.8809913509887792,263.8604739669692094,210.2999602333613041,-0.3039966566712959,0.4554881983207225
52,1254.6534062626378727,1165.1906624812002065,21.5124709475005211,78.3307079654603626,0.1568210870391668,-41.6599408517868852,107.4100763677975579,2.7135649061812650,93.1011348112036217,1.0000000000000000,1.0000000000000000,0.9999999392885273,1.0000000000000000,2381.5908273476707109,1254.8123335208681510,269.2354967074933256,210.2510216662482492,-0.3004289206757236,0.4572500077148905
53,1281.9794572371019967,1189.6332096177445692,21.4826664968711505,78.3556887907481894,0.1616447123806685,-41.7534592655623769,107.4918709322769246,2.6985856083358906,93.0302906933334555,1.0000000000000000,1.0000000000000000,0.9999999605375427,1.0000000000000000,2433.4676711519182390,1282.1451997219867280,274.7115300334301651,210.2057086159973949,-0.2972005381786011,0.4588452505592697
54,1309.7234087020469815,1214.5148255619164956,21.4551562383725170,78.3788316674969536,0.1660120941305912,-41.8391246018837677,107.5659489426927991,2.6846593870907265,92.9662230314876865,1.0000000000000000,1.0000000000000000,0.9999999743494028,1.0000000000000000,2486.1374870005556659,1309.8958669534133605,280.2911045167979296,210.1637468704473406,-0.2942780851094827,0.4602901792400738
55,1337.9013140569531970,1239.8460797669886233,21.4297582507078879,78.4002739823419006,0.1699677669501924,-41.9176138725554850,107.6330581674104536,2.6717111859570597,92.9082585802419914,1.0000000000000000,1.0000000000000000,0.9999999833271118,1.0000000000000000,2539.6307644946377877,1338.0803995730586848,285.9767491449332510,210.1248834651661070,-0.2916316140128846,0.4615993809630771
56,1366.5290497299581602,1265.6377276383282151,21.4063055837412755,78.4201427186080764,0.1735516976506161,-41.9895436287121555,107.6938707585706396,2.6596714940906319,92.8557951307935809,1.0000000000000000,1.0000000000000000,0.9999999891626227,1.0000000000000000,2593.9776572891514661,1366.7146849356033727,291.7709973618360664,210.0888849405743883,-0.2892342631409917,0.4627859607916079
57,1395.6223480274304620,1291.9007088726814345,21.3846449313501914,78.4385552799064953,0.1767997887432780,-42.0554756535631142,107.7489913823355607,2.6484759064857588,92.8082933464879716,1.0000000000000000,1.0000000000000000,0.9999999929557047,1.0000000000000000,2649.2080452421550945,1395.8144661376302338,297.6763923743390023,210.0555357492095823,-0.2870619139747628,0.4638617027180408
58,1425.1968273964480431,1318.6461467365668341,21.3646354319757812,78.4556202468557444,0.1797443211685074,-42.1159220800908400,107.7989644036797614,2.6380647231739385,92.7652696416687377,1.0000000000000000,1.0000000000000000,0.9999999954212081,1.0000000000000000,2705.3515917070476462,1425.3953722037690568,303.6954918325573658,210.0246367993278795,-0.2850928905048125,0.4648372116733200
59,1455.2680203951165367,1345.8853481587395891,21.3461475830111240,78.4714380726487235,0.1824143443400958,-42.1713499973457431,107.8442802457623486,2.6283825834600760,92.7262899544729464,1.0000000000000000,1.0000000000000000,0.9999999970237853,1.0000000000000000,2762.4377965163394038,1455.4729460027801906,309.8308719750833689,209.9960041221868892,-0.2833076946183151,0.4657220389584109
60,1485.8513996261567627,1373.6298045285470835,21.3290622567947814,78.4861017227637916,0.1848360204415749,-42.2221856012751928,107.8853810273197382,2.6193781316950826,92.6909642879947739,1.0000000000000000,1.0000000000000000,0.9999999980654605,1.0000000000000000,2820.4960451326210205,1486.0626701442126887,316.0851313138501837,209.9694676514681646,-0.2816887727848600,0.4665247932264350
61,1516.9624018554727627,1401.8911931064230885,21.3132698073993296,78.4996972636988630,0.1870329289018393,-42.2688179393748484,107.9226655673959669,2.6110037114791096,92.6589419138758927,1.0000000000000000,1.0000000000000000,0.9999999987425493,1.0000000000000000,2879.5556543803504610,1517.1799910735628600,322.4608939206947298,209.9448701043531003,-0.2802203099423540,0.4672532388441933
62,1548.6164505084607299,1430.6813789649909268,21.2986692586573270,78.5123044052132855,0.1890263361294231,-42.3116022923648458,107.9564938346731395,2.6032150855418656,92.6299071486538850,1.0000000000000000,1.0000000000000000,0.9999999991826570,1.0000000000000000,2939.6459151185740666,1548.8403415556738310,328.9608123669369775,209.9220659547345065,-0.2788880470781022,0.4679143832075253
63,1580.8289767119626958,1460.0124173896801949,21.2851675649503278,78.5239970001804153,0.1908354348692104,-42.3508632311989999,107.9871909083712751,2.5959711788483553,92.6035756267161787,1.0000000000000000,1.0000000000000000,0.9999999994687271,1.0000000000000000,3000.7961321687107556,1581.0591617118818704,335.5875703581571656,209.9009204899425924,-0.2776791195000028,0.4685145543692132
64,1613.6154390281599262,1489.8965566763570223,21.2726789372445708,78.5348435058150187,0.1924775569404032,-42.3868973832864384,108.0150505088803783,2.5892338427508266,92.5796910049850936,1.0000000000000000,1.0000000000000000,0.9999999996546726,1.0000000000000000,3063.0356617714674030,1613.8519187553129086,342.3438850986847228,209.8813089431647825,-0.2765819132142729,0.4690594701546762
65,1646.9913420080222295,1520.3462412709063756,21.2611242276808206,78.5449074097178794,0.1939683626012834,-42.4199759379090153,108.0403381487273577,2.5829676382370659,92.5580220438970400,1.0000000000000000,1.0000000000000000,0.9999999997755372,1.0000000000000000,3126.3939468121793652,1647.2341255504056790,349.2325094135877634,209.8631156944674103,-0.2755859371828228,0.4695542997841062
66,1680.9722536754229623,1551.3741152015688840,21.2504303667537293,78.5542476238956482,0.1953220093505324,-42.4503469173826815,108.0632939479995684,2.5771396365368737,92.5383600171583822,1.0000000000000000,1.0000000000000000,0.9999999998540992,1.0000000000000000,3190.9005500232397026,1681.2213581066046117,356.2562336501569007,209.8462335339737308,-0.2746817095356979,0.4700037188862303
67,1715.5738220386617741,1582.9930257598909975,21.2405298477436801,78.5629188496537836,0.1965513026026549,-42.4782372377266384,108.0841351527545271,2.5717192355269480,92.5205164094348333,1.0000000000000000,1.0000000000000000,0.9999999999051644,1.0000000000000000,3256.5851853453705189,1715.8292721019829514,363.4178873756724784,209.8305629813347082,-0.2738606560715430,0.4704119586741980
68,1750.8117907131916127,1615.2160273900074117,21.2313602536153283,78.5709719160267497,0.1976678303579029,-42.5038545799152274,108.1030583901351321,2.5666779905361592,92.5043208667678130,1.0000000000000000,1.0000000000000000,0.9999999999383569,1.0000000000000000,3323.4777476053859573,1751.0736185198602470,370.7203408835629830,209.8160116561376185,-0.2731150195981411,0.4707828499560439
69,1786.7020137278952916,1648.0563857490419650,21.2228638220796348,78.5784540942056253,0.1986820837147635,-42.5273890905861691,108.1202416897475302,2.5619894582953773,92.4896193692863733,1.0000000000000000,1.0000000000000000,0.9999999999599319,1.0000000000000000,3391.6083406466227643,1786.9702584701594787,378.1665065158169341,209.8024936943577359,-0.2724377788528050,0.4711198625675684
70,1823.2604695767968224,1681.5275819037437941,21.2149870449281792,78.5854093902323285,0.1996035648394354,-42.5490149289132944,108.1358462972554548,2.5576290529021994,92.4762725998456290,1.0000000000000000,1.0000000000000000,0.9999999999739557,1.0000000000000000,3461.0073040286019932,1823.5351772569240438,385.7593398053641067,209.7899292063563337,-0.2718225759032346,0.4714261407426700
71,1860.5032745685473401,1715.6433166299061668,21.2076802981208594,78.5918788180731838,0.2004408838058618,-42.5688916748995325,108.1500183030243392,2.5535739127792390,92.4641544856803677,1.0000000000000000,1.0000000000000000,0.9999999999830712,1.0000000000000000,3531.7052383946065675,1860.7844977439820013,393.5018404383894222,209.7782437722815700,-0.2712636510673945,0.4717045348732563
72,1898.4466955171790232,1750.4175147820515122,21.2008974994163033,78.5979006550374635,0.2012018455461372,-42.5871656125419804,108.1628901059320214,2.5498027777092647,92.4531508931228956,1.0000000000000000,1.0000000000000000,0.9999999999889962,1.0000000000000000,3603.7330295891483729,1898.7344930619574370,401.3970530325942718,209.7673679710374017,-0.2707557845102316,0.4719576300563688
73,1937.1071618092478275,1785.8643297009541584,21.1945957906166207,78.6035106813820477,0.2018935280013973,-42.6039709000021958,108.1745817301030428,2.5462958751129694,92.4431584579649552,1.0000000000000000,1.0000000000000000,0.9999999999928476,1.0000000000000000,3677.1218715916156725,1937.4015986915453595,409.4480677237286841,209.7572369392494522,-0.2702942437775243,0.4721877717789215
74,1976.5012768745168614,1821.9981476261623357,21.1887352417285371,78.6087424058383277,0.2025223524330665,-42.6194306377874597,108.1852020102596725,2.5430348148162141,92.4340835362276181,1.0000000000000000,1.0000000000000000,0.9999999999953509,1.0000000000000000,3751.9032883173003938,1976.8024239500373369,417.6580205486629325,209.7477899568890223,-0.2698747366163111,0.4723970890493777
75,2016.6458290795765151,1858.8335920794677349,21.1832785745522578,78.6136272787059767,0.2030941467417238,-42.6336578449046826,108.1948496595881011,2.5400024916267805,92.4258412619718257,1.0000000000000000,1.0000000000000000,0.9999999999969781,1.0000000000000000,3828.1091543224119960,2016.9537629003755228,426.0300936092874053,209.7389700564105226,-0.2694933685081998,0.4725875152499236
76,2057.5578020560860750,1896.3855281836013091,21.1781909033766702,78.6181948940808866,0.2036142025423682,-42.6467563517174639,108.2036142324374310,2.5371829950956437,92.4183547004124364,1.0000000000000000,1.0000000000000000,0.9999999999980358,1.0000000000000000,3905.7717144350694980,2057.8726046943284018,434.5675149970385860,209.7307236524148664,-0.2691466044091328,0.4727608069515010
77,2099.2543844676265508,1934.6690668777871451,21.1734394906118375,78.6224731827286547,0.2040873266594814,-42.6588216178031985,108.2115769927939652,2.5345615259034782,92.4115540859914120,1.0000000000000000,1.0000000000000000,0.9999999999987232,1.0000000000000000,3984.9236023197240684,2099.5761433537113589,443.2735584532814528,209.7230001889903974,-0.2688312342472887,0.4729185609067702
78,2141.7529792111599818,1973.6995689886878154,21.1689935153046207,78.6264885970651051,0.2045178876302967,-42.6699414820644449,108.2188116982571131,2.5321243183567876,92.4053761362919772,1.0000000000000000,1.0000000000000000,0.9999999999991701,1.0000000000000000,4065.5978579673746935,2142.0817869856305151,452.1515427355269026,209.7157518019774045,-0.2685443417819084,0.4730622294122051
79,2185.0712120408998089,2013.4926491111914402,21.1648238525834707,78.6302662896772517,0.2049098577393294,-42.6801968518430925,108.2253853081795398,2.5298585685252561,92.3997634337293476,1.0000000000000000,1.0000000000000000,0.9999999999994605,1.0000000000000000,4147.8279440883206917,2185.4071664194939331,461.2048306538617339,209.7089329934781290,-0.2682832764702535,0.4731931342095829
80,2229.2269395936436922,2054.0641792486217128,21.1609028621518966,78.6338302867983714,0.2052668510497269,-42.6896623370978219,108.2313586236947032,2.5277523675964586,92.3946638678777390,1.0000000000000000,1.0000000000000000,0.9999999999996494,1.0000000000000000,4231.6477613677297995,2229.5701432448631749,470.4368277356473413,209.7025003159809273,-0.2680456280289791,0.4733124790787060
81,2274.2382567853142064,2095.4302921561475159,21.1572041840050460,78.6372036581482945,0.2055921578467063,-42.6984068352810340,108.2367868665258754,2.5257946400545350,92.3900301320999233,1.0000000000000000,1.0000000000000000,0.9999999999997721,1.0000000000000000,4317.0916625265344919,2274.5888172198597204,479.8509804695233925,209.6964120634879691,-0.2678292034103196,0.4734213612570259
82,2320.1235035383115246,2137.6073843242666044,21.1537025395757432,78.6404086845602421,0.2058887758639788,-42.7064940720465316,108.2417202027429681,2.5239750863286226,92.3858192688496445,1.0000000000000000,1.0000000000000000,0.9999999999998519,1.0000000000000000,4404.1944651110561608,2320.4815330097558217,489.4507740718024706,209.6906279670199922,-0.2676320059436383,0.4735207818076171
83,2366.9012707882811810,2180.6121185311831141,21.1503735365317738,78.6434670248433179,0.2061594386249469,-42.7139831025904115,108.2462042169821785,2.5222841295852616,92.3819922586362168,1.0000000000000000,1.0000000000000000,0.9999999999999037,1.0000000000000000,4492.9914629137601878,2367.2668862043469744,499.2397297094540818,209.6851088918446067,-0.2674522164193120,0.4736116550442590
84,2414.5904057066918540,2224.4614258835572400,21.1471934754377280,78.6463998833660298,0.2064066411961820,-42.7209287779296290,108.2502803420752429,2.5207128663638390,92.3785136481827180,1.0000000000000000,1.0000000000000000,0.9999999999999374,1.0000000000000000,4583.5184359044969824,2414.9637285505173168,509.2214011037302157,209.6798165337023931,-0.2672881759152455,0.4736948171114274
85,2463.2100160620702809,2269.1725072541894406,21.1441391564703451,78.6492281799095281,0.2066326636200792,-42.7273821803865061,108.2539862485247966,2.5192530207852615,92.3753512137874679,1.0000000000000000,1.0000000000000000,0.9999999999999593,1.0000000000000000,4675.8116585257957922,2463.5911723228668961,519.3993704270549188,209.6747131112147997,-0.2671383701869423,0.4737710338070215
86,2512.7794736276969161,2314.7628340127348565,21.1411876843281377,78.6519727234049526,0.2068395922669393,-42.7333910319155521,108.2573561978149286,2.5178969020786424,92.3724756563179170,1.0000000000000000,1.0000000000000000,0.9999999999999735,1.0000000000000000,4769.9079061772472414,2513.1685937402021409,529.7772433927772227,209.6697610515304007,-0.2670014154601427,0.4738410077270820
87,2563.3184165265442971,2361.2501479310067225,21.1383162694081257,78.6546543912692044,0.2070293393226716,-42.7390000792748381,108.2604213631446726,2.5166373651998031,92.3698603246368322,1.0000000000000000,1.0000000000000000,0.9999999999999828,1.0000000000000000,4865.8444596817544152,2563.7156353187119748,540.3586434225626363,209.6649226661084811,-0.2668760454812748,0.4739053848039465
88,2614.8467503852148184,2408.6524601278729278,21.1355020232329700,78.6572943161596498,0.2072036606074115,-42.7442514590522862,108.2632101208176039,2.5154677743284948,92.3674809645897170,1.0000000000000000,1.0000000000000000,0.9999999999999888,1.0000000000000000,4963.6591074902089531,2615.2522070335685385,551.1472047593676962,209.6601598133430855,-0.2667610996950907,0.4739647603025023
89,2667.3846481470604886,2456.9880488996650456,21.1327217459959833,78.6599140821023752,0.2073641719015644,-42.7491850463449339,108.2657483152083842,2.5143819690502944,92.3653154909683991,1.0000000000000000,1.0000000000000000,0.9999999999999927,1.0000000000000000,5063.3901453403486812,2667.7984861391873892,562.1465643747113745,209.6554335445034383,-0.2666555124315793,0.4740196843331437
90,2720.9525483702109341,2506.2754562600498502,21.1299517039536902,78.6625359321071329,0.2075123639392011,-42.7538387899662951,108.2680594999406907,2.5133742330462505,92.3633437801245663,1.0000000000000000,1.0000000000000000,0.9999999999999952,1.0000000000000000,5165.0763730389944612,2721.3749154738493417,573.3603524970600347,209.6507037291813447,-0.2665583029953663,0.4740706669345673
91,2775.5711518087159675,2556.5334829883909151,21.1271673942277260,78.6651829895583887,0.2076496162139169,-42.7582490375643758,108.2701651576704904,2.5124392651251881,92.3615474811303017,1.0000000000000000,1.0000000000000000,0.9999999999999969,1.0000000000000000,5268.7570879846844036,2776.0022000469107297,584.7921815632055313,209.6459286561373858,-0.2664685665608609,0.4741181827747779
92,2831.2614160432694916,2607.7811819566263694,21.1243432943817311,78.6678794958890109,0.2077772097292735,-42.7624508538035286,108.2720849006406070,2.5115721524487933,92.3599098435836652,1.0000000000000000,1.0000000000000000,0.9999999999999980,1.0000000000000000,5374.4720749875777983,2831.7013016751116083,596.4456333659719576,209.6410646050437663,-0.2663854657851579,0.4741626755144314
93,2888.0445478925589669,2660.0378494720894196,21.1214525939090265,78.6706510672768928,0.2078963388140911,-42.7664783345134936,108.2738366539800978,2.5107683458102548,92.3584155603338104,1.0000000000000000,1.0000000000000000,0.9999999999999987,1.0000000000000000,5482.2615918759875058,2888.4934313989497241,608.3242441391378179,209.6360653842222348,-0.2663082230585919,0.4742045618726830
94,2945.9419932952232557,2713.3230143357832276,21.1184669045019966,78.6735249733854545,0.2080081221125072,-42.7703649204329324,108.2754368235486027,2.5100236368367446,92.3570506235548834,1.0000000000000000,1.0000000000000000,0.9999999999999991,1.0000000000000000,5592.1663503013387526,2946.4000393691985664,620.4314872833286927,209.6308818289780049,-0.2662361133198818,0.4742442354323890
95,3004.9754243061797752,2767.6564242726099110,21.1153559456687283,78.6765304414818019,0.2081136128494821,-42.7741437132609050,108.2769004499710803,2.5093341369985200,92.3558021927351405,1.0000000000000000,1.0000000000000000,0.9999999999999994,1.0000000000000000,5704.2274910652449762,3005.4428018472390249,632.7707533943101907,209.6254612545810971,-0.2661684573689232,0.4742820702184053
96,3065.1667227980592543,2823.0580293408315811,21.1120872019139654,78.6796989896221106,0.2082138084638739,-42.7778477978154257,108.2782413503754384,2.5086962583109385,92.3546584732678895,1.0000000000000000,1.0000000000000000,0.9999999999999997,1.0000000000000000,5818.4865531920549984,3065.6436049100052514,645.3453272068400111,209.6197468573323874,-0.2661046156159697,0.4743184240798436
97,3126.5379603980732099,2879.5479618714593926,21.1086255473012727,78.6830647930047036,0.2083096596939672,-42.7815105738507455,108.2794722492273536,2.5081066956258224,92.3536086044357347,1.0000000000000000,1.0000000000000000,0.9999999999999998,1.0000000000000000,5934.9854358553166094,3127.0245243898070839,658.1583610120003414,209.6136770564285143,-0.2660439822107730,0.4743536419047401
98,3189.1113741217654933,2937.1465124239311990,21.1049328327621630,78.6866650880446628,0.2084020791932761,-42.7851661008321003,108.2806048995519603,2.5119987734839366,92.3526425556694903,1.0000000000000000,1.0000000000000000,0.9999999999999999,1.0000000000000000,6053.7663521360400409,3189.6078015104835686,671.2128440431212084,209.6071847685572322,-0.2659859794998445,0.4743880586931207
99,3252.8311146789233135,2995.7775440555919886,21.0966387466847785,78.6947708451585015,0.2085904081566924,-42.7920804831394790,108.2825091946018148,2.5114757772261243,92.3510184089687272,1.0000000000000000,1.0000000000000000,0.9999999999999999,1.0000000000000000,6174.7234711353949024,3253.3376760987957823,684.3545171585631124,209.5925694082054918,-0.2658712100682817,0.4744616182249741
100,3317.7630272355886518,3055.5272891423214787,21.0874190318859078,78.7038036706247652,0.2087772974892409,-42.7993459874484685,108.2842595706363369,0.0250000000000000,92.3495255880359025,1.0000000000000000,1.0000000000000000,0.9999999999999999,1.0000000000000000,6297.9815918955337111,3318.2799022614130990,697.7099654733258376,209.5762848668010179,-0.2657585006617180,0.4745357981509588
