period,rgdp,ngdp,iy,cy,tby,nfay,reer,rir,pi,tau_a,tau_s,tau_i,tau_t,y0,va0,i0,l0,y1,va1,i1,l1,y2,va2,i2,l2,tbsm0-0,tbsf0-0,tbsm1-0,tbsf1-0
0,286.3535704211461734,422.3435210211977164,25.0760983471910421,77.1796673356302279,-2.2557656828200852,1.7047733992913956,68.8457446039210055,0.9125767604519774,146.3839899040434318,1.0000000000000000,1.0000000000000000,1.0000000000000000,1.0000000000000000,206.4421145227450154,79.4257326354480284,18.8591940958867568,51.1859084221693337,299.0579338988030713,191.3413326890075155,49.9901653275850464,126.2777325213903765,37.2582314167546400,16.5359877164306006,4.3316402959265288,11.0085535957013878,-1.2699714096643608,-0.2306828595099167,-0.6283586047561511,-0.1267528088896571
1,294.6603253630852350,431.7823652095098055,25.1190267965074803,77.2068107637605721,-2.3258375602672330,-0.5438657975000174,69.3277650525518965,1.0915505824609317,145.3002921169647550,1.0000000000000000,1.0000000000000000,1.0000000000000000,1.0000000000000000,211.9937101396256196,81.5616318447050759,19.6053283072411055,51.5869204709508438,308.0148154371302098,197.0720672926279065,51.4206917727545800,127.1149508836838038,38.4273586461670931,17.0548710012613220,4.4209648782324562,11.0955946297396899,-1.3286991811912900,-0.2484679311625056,-0.6225469568643326,-0.1261234910491051
2,301.3951562086460285,441.2408684703883068,24.9482529756856763,77.4500789301185364,-2.3983317386039844,-2.8388407725801761,69.4221560055379854,1.2042536024237327,145.0774938503179783,1.0000000000000000,1.0000000000000000,1.0000000000000000,1.0000000000000000,216.2580847946193217,83.2022906898633181,20.0851122015333345,51.8032012210702248,315.6476287331883555,201.9556450302054600,52.1866124992697209,127.9077179391535992,39.1240822828674411,17.3640916233932394,4.4670837609819527,11.0504441396164665,-1.3892613740060771,-0.2663902827931937,-0.6168241870738880,-0.1258558947308254
3,306.1207585426727746,450.2548725516289778,24.5479004341577003,77.9310366468110516,-2.4789370999728537,-5.1941316746737929,69.1269427357898110,1.3143319570690037,145.7170389831656507,1.0000000000000000,1.0000000000000000,1.0000000000000000,1.0000000000000000,218.8882347157742458,84.2142042953392860,20.2627480130862025,51.7431896918954237,321.5522640884263978,205.7335110215360601,52.1323194481729004,128.4840739319908778,39.2586732955975748,17.4238259491682044,4.4791571025649368,10.8469377678329408,-1.4557920472321342,-0.2861807931587428,-0.6109985447749441,-0.1259657148070324
4,312.8159930017095007,460.9127550667399191,24.3356387281152955,78.2010212809094014,-2.5366600265338111,-7.5941587342159753,69.0291039383729412,2.4111117377152880,145.9223086872618467,1.0000000000000000,1.0000000000000000,1.0000000000000000,1.0000000000000000,223.1634960475813898,85.8590516380038196,20.6961879121352226,51.8335036292115703,329.1865424617193412,210.6180261354505205,52.7195771783451690,129.0818738346283396,39.8664183743049634,17.6935560134811141,4.5694564383487615,10.7607717319960781,-1.5036358704778539,-0.3005344072233486,-0.6066238382291429,-0.1258659106034654
5,324.5500974371756797,479.4212773485711523,24.6228689429641214,77.9579623929300567,-2.5808313519815003,-9.9745439596931060,68.9108742672949717,1.4904539646299009,146.1283152363062356,1.0000000000000000,1.0000000000000000,1.0000000000000000,1.0000000000000000,231.5131262044236848,89.0714557251028367,21.8415175692464274,52.4270836471494590,341.3601673736041562,218.4068768906501816,55.1783287481843985,130.1281179440037192,41.7930201788015481,18.5486224662403885,4.8023903122108207,11.0209049926494718,-1.5455326924740387,-0.3076659895993255,-0.6024204045395488,-0.1252122653685871
6,333.5228104449352031,492.3797090407877022,24.5423009336462599,78.0706216912949742,-2.6129226397359298,-12.4071505433728380,68.9637937517188675,1.4791575702014725,146.0043520372952344,1.0000000000000000,1.0000000000000000,1.0000000000000000,1.0000000000000000,237.6271496723647942,91.4237412285437756,22.5087708979015027,52.7137889992574245,351.0967783223922538,224.6364929738199407,56.4112833358458587,130.9613258374899942,42.8603929295251547,19.0223449706017007,4.9434349443754888,11.0338807987518717,-1.5718471371739031,-0.3160663945727339,-0.5999430762788357,-0.1250660317104575
7,342.6764169902178878,505.5222064571258898,24.4339534417535589,78.2038184702819592,-2.6377719256443379,-14.8459779574836794,69.0179162431022917,2.3744437093034421,145.8848859736293946,1.0000000000000000,1.0000000000000000,1.0000000000000000,1.0000000000000000,243.8784100280347502,93.8288267160270664,23.1651423114489816,52.9957416771683683,361.0383987560162495,230.9972769131003361,57.5828612086064027,131.8290455523070079,43.9046953391485317,19.4858283717490117,5.0992556799072988,11.0310577423289633,-1.5917531095856419,-0.3229184630500414,-0.5980912812513932,-0.1250090717572618
8,351.1677679142799775,523.0296376363196487,24.2750517442581533,78.4178394803900716,-2.6928912371779332,-17.2997600235078330,68.4002296076503882,2.4437935196548022,147.2405408347759135,1.0000000000000000,1.0000000000000000,1.0000000000000000,1.0000000000000000,249.5232349850863329,96.0005946174030527,23.7680618292927761,53.1073562215351131,370.5425938112614404,237.0781901471971764,58.5247451831896868,132.5665570974194907,44.8122794619877354,19.8886333180983357,5.2643375694078456,10.9850946806214633,-1.6402945452540496,-0.3333310656021657,-0.5941469841718990,-0.1251186421498183
9,361.1129197447934303,542.1383622732066669,24.2031199385205298,78.5340436711580594,-2.7371636212123578,-19.7593294397853541,67.8926885858064537,1.7235358650449450,148.3719274691962653,1.0000000000000000,1.0000000000000000,1.0000000000000000,1.0000000000000000,256.3264690846643248,98.6180443267253821,24.5636799040081399,53.4000105049318847,381.3975472954582528,244.0233369917086748,59.8390069662752424,133.5979070448877053,46.0308851937365233,20.4294762042238496,5.4901452997853371,11.0150494564197619,-1.6798543801771288,-0.3411813346052900,-0.5909756786644874,-0.1251522277654515
10,375.9488650759221855,560.3471890493106002,24.4384958924157658,78.2801424307641724,-2.7186383337684310,-22.1405911079437558,68.3689913001210243,0.8187216742342907,147.2931330478816392,1.0000000000000000,1.0000000000000000,1.0000000000000000,1.0000000000000000,267.1333068134770770,102.7758248555078637,25.9555440458446043,54.2857950842014318,396.5276434294478918,253.7037782368154240,62.5935785327181051,135.2903852721034355,48.3244921913471259,21.4474272903763925,5.8500934352424308,11.2905030663667407,-1.6648346796240647,-0.3372974527453473,-0.5917791928962440,-0.1247270085027749
11,392.9431641878538812,574.5490208430536541,24.7286981083337345,77.9223455117400476,-2.6510436297720315,-24.4432504736564873,69.6231240753706686,1.6491478606898813,144.5569274927455581,1.0000000000000000,1.0000000000000000,1.0000000000000000,1.0000000000000000,279.7564080379410711,107.6323875060227238,27.5386542699392400,55.3273295826401537,413.4824139344458445,264.5516709563590325,65.8328903783591954,137.0179889250940732,50.9908441794714804,22.6308104528814553,6.2554411300945185,11.6037913052451405,-1.6061702359504089,-0.3250466926039990,-0.5957024715716823,-0.1241242296459410
12,412.8547873584371928,594.8305683212946633,25.1991940116532938,77.3903280890917102,-2.5895221096022607,-26.6020676140163168,70.6174893218320108,1.5666080367884527,142.4394946341141690,1.0000000000000000,1.0000000000000000,1.0000000000000000,1.0000000000000000,294.7065103124413099,113.3842314496490218,29.5404434018270372,56.5207753197283367,433.1398061158265023,277.1287377746184575,70.1376589216570210,138.8664738683526423,54.4199264831562530,24.1527093916180391,6.7382087322865249,12.0515335336389580,-1.5581368697975686,-0.3098901888954514,-0.5982345755621179,-0.1232604753471231
13,426.3894902814325860,611.4019255537051549,25.1089905241975373,77.4565486412792410,-2.5655391735822213,-28.8453074313912481,70.9139535872031956,1.5273615831239207,141.8523834513756299,1.0000000000000000,1.0000000000000000,1.0000000000000000,1.0000000000000000,304.3943690310078409,117.1115003655372249,30.5654630574626225,57.1008610822145144,447.3231333583774472,286.2034234088485505,71.9791889466105488,140.3829502527385671,56.0959349080197498,24.8965572253000786,7.0338301692981853,12.0992026223917772,-1.5400350327938348,-0.3035234030560674,-0.5988257491429315,-0.1231549885893872
14,441.6805667621373459,628.8174076631130447,25.0979388347338137,77.4314587656237023,-2.5293976077698495,-31.0073740614745610,71.3736208663824527,2.4397239369024160,140.9358797675764094,1.0000000000000000,1.0000000000000000,1.0000000000000000,1.0000000000000000,315.4994727691819207,121.3840345935275735,31.8214709878887945,57.7331863540568690,463.1035100279520975,296.2999229831172556,74.2417630248712186,141.8474535163150279,58.1424340957604855,25.8048366616382197,7.4157548056430818,12.1923355115684746,-1.5121300419511490,-0.2942351397233685,-0.6000849076182172,-0.1229475184771147
15,475.4376827353509043,661.5410821481020776,26.3041315326255223,76.1157670697328967,-2.4198986090786492,-32.6555791164156588,73.0062291162544454,0.8086247722719486,137.6211791598014429,1.0000000000000000,1.0000000000000000,1.0000000000000000,1.0000000000000000,341.7177493142378353,131.4711518847061313,35.7983791367741162,59.8911261055733348,495.1086503308036413,316.7772469537915185,83.2023836991777159,144.4883216349341524,65.0382331110397871,28.8653374818772370,8.3299356156372237,13.2330031860330308,-1.4307776347899495,-0.2636705167148310,-0.6043110774492235,-0.1211393801246449
16,503.6790354418661764,680.3690367549505709,26.9445922139354828,75.3495416284338120,-2.2941338484477196,-34.3806088526742641,75.1109862144551386,1.6718568728186334,133.6448308961508360,1.0000000000000000,1.0000000000000000,1.0000000000000000,1.0000000000000000,363.5861685791816740,139.8847220794928319,38.7396096625930824,61.2603953174004445,522.1308172000410650,334.0663967633205402,89.9892740522335970,146.0458689715547962,70.2584316968952720,31.1821715454022481,8.9514127609081129,13.8026402105898107,-1.3288102447042414,-0.2350674170511659,-0.6103735737180646,-0.1198826129742478
17,523.6142506203771063,700.6796806818516643,27.0206730757122315,75.2173783211076312,-2.2380514023258353,-36.2070255484098169,75.7670323076430634,1.6575960767592823,132.4744045785993478,1.0000000000000000,1.0000000000000000,1.0000000000000000,1.0000000000000000,378.4578352820325335,145.6063890277064843,40.4101186789225935,61.7376921339122973,542.1879954078436867,346.8992521175627530,93.7991078025699352,146.8724661949921710,73.2655085629987184,32.5167755840117749,9.2845939027672717,13.9090335616649483,-1.2884239262736181,-0.2185284947794797,-0.6116826996409578,-0.1194162816317800
18,543.8791606977575839,721.3182852617520666,27.0822592249171343,75.1010559130306490,-2.1833151429359625,-37.9641037781078268,76.3975941699467995,1.6290662453432692,131.3686020785332289,1.0000000000000000,1.0000000000000000,1.0000000000000000,1.0000000000000000,393.5730263641885927,151.4217485942389487,42.0947117536305129,62.1356109459167172,562.6047966149683361,359.9621991569136981,97.6220229270304287,147.5347114095214920,76.2889441358107661,33.8586399611533295,9.6265580562836899,13.9939744260889771,-1.2492580687896457,-0.2022323196348059,-0.6128612105345899,-0.1189635439769208
19,564.5616526303521141,742.2600556604944586,27.1350395253589269,74.9943302921142134,-2.1293698219939254,-39.6502944498570500,77.0179587894440374,1.5825917193105887,130.2980944218487309,1.0000000000000000,1.0000000000000000,1.0000000000000000,1.0000000000000000,409.0051488017590486,157.3590430922999417,43.8067998712808375,62.4777283719200796,583.4558345114509166,373.3029767348528480,101.4877895255491609,148.0768397187754033,79.3518992309406599,35.2180439345332914,9.9798358214898037,14.0648459507951085,-1.2107532850553897,-0.1861203396952394,-0.6139755344454813,-0.1185206627978149
20,585.7499801516263460,763.4334909230178710,27.1835964275221329,74.8919395977629421,-2.0755360293815786,-41.2637901924355788,77.6464049537489132,1.5099105365530052,129.2304196825660654,1.0000000000000000,1.0000000000000000,1.0000000000000000,1.0000000000000000,424.8290492809633747,163.4470687435424736,45.5585973589296458,62.7842238351000503,604.8155593009404356,386.9692191040466014,105.4256138271241809,148.5356897776122764,82.4765320725470303,36.6048217906588960,10.3464520807151192,14.1277238446242794,-1.1722427435245879,-0.1701099930518913,-0.6150981236094614,-0.1180851691956381
21,607.3105454571614246,784.5593841175932539,27.2215656469603324,74.8000910345406140,-2.0216566852132414,-42.8090890978102294,78.2910939809209481,1.4229335361434226,128.1530177882504233,1.0000000000000000,1.0000000000000000,1.0000000000000000,1.0000000000000000,440.9394156642101734,169.6453081675718693,47.3297113694530651,63.0329876739359705,626.5612955286175065,400.8824368403643348,109.3856816519444379,148.8706967543649853,85.6275966734632732,38.0033306181873769,10.7224134873511190,14.1734240998219985,-1.1334674418803681,-0.1542547774948613,-0.6162685081383497,-0.1176659576996625
22,629.3127718904094081,805.5437989777334451,27.2529133546451057,74.7142667449224689,-1.9671801029328844,-44.2841990336300952,78.9680805021220777,1.3526271816557633,127.0403424190289314,1.0000000000000000,1.0000000000000000,1.0000000000000000,1.0000000000000000,457.3967803025773264,175.9770503446605119,49.1300354517001452,63.2409973248862087,648.7503872235787412,415.0793194333843985,113.3903259127751255,149.1127598378038215,88.8230570703871223,39.4215432349062525,11.1105867834442673,14.2072161078927000,-1.0939059556254505,-0.1384720164020980,-0.6175413681653920,-0.1172607627399442
23,651.8070257934439269,826.5193196524007817,27.2812597367392797,74.6311734916849048,-1.9124332314781114,-45.6873372341163630,79.6691374137460286,1.3121825761842842,125.9078244171627006,1.0000000000000000,1.0000000000000000,1.0000000000000000,1.0000000000000000,474.2425029979532383,182.4582078834068568,50.9691573915848721,63.4186751633396497,671.4273023546987815,429.5883180942669242,117.4616260734438669,149.2832867473977956,92.0799992670082474,40.8670427690637652,11.5135420370344885,14.2333761613941245,-1.0539537737634865,-0.1227445602164792,-0.6188734933224610,-0.1168614041756847
24,674.8871963098481501,847.7618316178368332,27.3120792800357499,74.5458887048099115,-1.8579679876156785,-47.0160002348606980,80.3786093385573963,1.2891500551226898,124.7814916011752899,1.0000000000000000,1.0000000000000000,1.0000000000000000,1.0000000000000000,491.5518126133243300,189.1177240426602282,52.8642855226222537,63.5812547319783192,694.6762896525749511,444.4633363064596665,121.6405217508038703,149.4127250901757975,95.4286955976028111,42.3532647201107153,11.9348537111467632,14.2585173538193093,-1.0142464871773296,-0.1070671973149201,-0.6201972442096362,-0.1164570589137926
25,698.6148226721877563,869.4428278113089164,27.3484067444978045,74.4557312431096818,-1.8041379901208743,-48.2695621478737138,81.0869851124544709,1.2093971730555930,123.6761928505225541,1.0000000000000000,1.0000000000000000,1.0000000000000000,1.0000000000000000,509.3743338650179453,195.9746912419118416,54.8266428225265443,63.7362241418211255,718.5518436443844621,459.7392404094655376,125.9548846570865805,149.5159745177272725,98.8893671429309933,43.8891836295201898,12.3762928790067068,14.2860282370431015,-0.9751610555633734,-0.0914570102116725,-0.6214773488544162,-0.1160425754914122
26,722.9516032514475228,891.0381745935450226,27.3864551216441328,74.3633072865525548,-1.7497624104769709,-49.4510184979064107,81.8347431582463116,1.1976746122546400,122.5300036864720425,1.0000000000000000,1.0000000000000000,1.0000000000000000,1.0000000000000000,527.6871593329285588,203.0202961698425668,56.8450838454764025,63.8762447637363735,743.0125229582181419,475.3895156500185522,130.3815745220240103,149.5753523127472135,102.4456576119328730,45.4675402308759260,12.8356327975392919,14.3110452157112942,-0.9353751759531287,-0.0758899439051014,-0.6228660592711526,-0.1156312313475883
27,747.9823776587290922,913.1736178798196306,27.4314949756304109,74.2648411778285293,-1.6963361555292262,-50.5580217975534580,82.5746221638648592,1.1817477628281781,121.4160650422267764,1.0000000000000000,1.0000000000000000,1.0000000000000000,1.0000000000000000,546.5520933957803891,210.2783172016719959,58.9385813413384909,64.0106375255271161,768.1397324145002585,491.4662459391663560,134.9671081336123564,149.6131748633987968,106.1304569529010138,47.1029317758530297,13.3162658637214726,14.3395634515973036,-0.8965318628751322,-0.0604166447781879,-0.6241817049146030,-0.1152059429613033
28,773.6883014949955850,935.8057000939048748,27.4821376520854308,74.1617956028373300,-1.6439332568018470,-51.5931878117274891,83.3075414609721605,1.1547089743635830,120.3319940094601321,1.0000000000000000,1.0000000000000000,1.0000000000000000,1.0000000000000000,565.9541975564195582,217.7430069583652994,61.1040430342119265,64.1334177418989810,793.9156927078674926,507.9580558355751236,139.7069280779350890,149.6183173734465868,109.9397240850327080,48.7935647476909367,13.8167992863468392,14.3693372009398939,-0.8586264971437056,-0.0450981336923067,-0.6254376628912196,-0.1147709630746151
29,800.0052300238371572,958.8009324193246812,27.5353482405005074,74.0572103823411396,-1.5925586245493983,-52.5603084606339692,84.0373395659265015,1.1249452658053105,119.2714533114795472,1.0000000000000000,1.0000000000000000,1.0000000000000000,1.0000000000000000,585.8419783233784983,225.3945540351845125,63.3310445297780262,64.2335316454341267,820.2822498528828419,524.8277376285860782,144.5785694247788058,149.5704018082802804,113.8565692521570440,50.5319431169229958,14.3347437594283864,14.3960280214082808,-0.8215647289587183,-0.0300034678448975,-0.6266574825099919,-0.1143329452357905
30,826.8862400437004680,982.1096493908842149,27.5893862984131601,73.9529561867593515,-1.5423424867227609,-53.4623720853064910,84.7627692959946017,1.1098010548629134,118.2356307316542683,1.0000000000000000,1.0000000000000000,1.0000000000000000,1.0000000000000000,606.1770098800454889,233.2181746335643311,65.6128147002787045,64.3040493384980891,847.1971444704595342,542.0482531928178105,149.5671121633853602,149.4572909648287578,117.8699389991178066,52.3131611273783648,14.8687980814362106,14.4170727243718044,-0.7854135146857393,-0.0151903494615029,-0.6278432823337942,-0.1138953402417243
31,854.3847553661496477,1005.9050873754176791,27.6466659837183926,73.8468989231723754,-1.4935649083006897,-54.2995392842334041,85.4746994244686817,1.0869073267592233,117.2362734685443684,1.0000000000000000,1.0000000000000000,1.0000000000000000,1.0000000000000000,627.0013436232624144,241.2300474436437696,67.9594250759981975,64.3518837373267729,874.7076793335900220,559.6498674856525213,154.6973819984024772,149.2925782970836224,121.9977005654585867,54.1451486362291234,15.4209512068586747,14.4355106361355539,-0.7504636736310872,-0.0006802733118819,-0.6289662364086093,-0.1134547249491113
32,882.4612393425670689,1030.0960855809257737,27.7057557480350276,73.7404502972414377,-1.4462060465573083,-55.0750249790409683,86.1765526532054764,1.0726947195327519,116.2674064530908140,1.0000000000000000,1.0000000000000000,1.0000000000000000,1.0000000000000000,648.2834654064075721,249.4180478357676805,70.3649240103324871,64.3716630577643372,902.7769564215810760,577.6089726517125200,159.9572440914846254,149.0662272575102349,126.2305457588885389,56.0237744717172319,15.9898617606711539,14.4492160232093934,-0.7166267471760625,0.0134794712063686,-0.6300441861094692,-0.1130145844781453
33,911.1729477926854770,1054.8070497243170394,27.7688735178677817,73.6315265051191545,-1.4004000241494219,-55.7892046438224085,86.8638783829567132,1.0724748400083639,115.3337607528623181,1.0000000000000000,1.0000000000000000,1.0000000000000000,1.0000000000000000,670.0694238951626858,257.7998923936725078,72.8393130014576116,64.3703819477085233,931.4547289118636400,595.9574014504603383,165.3726800752891677,148.7913207485672729,130.5867705127963632,57.9571587543710081,16.5772573630700606,14.4610487462516666,-0.6840376547969658,0.0272753008433074,-0.6310649590814937,-0.1125727111142696
34,940.6113750517863537,1080.2429776679568931,27.8391729940282424,73.5171589373829590,-1.3563319324699401,-56.4418923687382375,87.5292677075269694,1.0801949827023316,114.4435996429570253,1.0000000000000000,1.0000000000000000,1.0000000000000000,1.0000000000000000,692.4326826128334460,266.4038451863153796,75.3979646582970275,64.3577051107482134,960.8211845331610448,614.7464590811234757,170.9845435594224909,148.4856164070997977,135.0945287217569444,59.9577967754900598,17.1851472538516283,14.4750522401752608,-0.6529001733518709,0.0407008358186199,-0.6320071139009252,-0.1121254810357640
35,970.8461240002076238,1106.5434162670067053,27.9186366708688567,73.3954712181124336,-1.3141078899435614,-57.0339644110506683,88.1686176712698426,1.0939588745722428,113.6004281533340361,1.0000000000000000,1.0000000000000000,1.0000000000000000,1.0000000000000000,715.4293586745388893,275.2514964933348551,78.0518905281455346,64.3391834171117836,990.9367107327194617,634.0147822535965361,176.8264970979150803,148.1587644637446886,139.7753770566890239,62.0352558395857372,17.8136617010009815,14.4936434628095974,-0.6233147252836081,0.0537402223526878,-0.6328619757217628,-0.1116714112908782
36,1001.9576551359959922,1133.8401253561405611,28.0092643080930053,73.2645155462609381,-1.2737798552306347,-57.5663048005410189,88.7795839594677432,1.0474077595220788,112.8052693071321926,1.0000000000000000,1.0000000000000000,1.0000000000000000,1.0000000000000000,739.1247768997839103,284.3679791305831372,80.8128921269723577,64.3205387941129914,1021.8711501248583318,653.8070572222388819,182.9377079654604188,147.8202587546039410,144.6533093425679510,64.2001849114633103,18.4619726311180088,14.5192886627117108,-0.5953262424643689,0.0663820392197455,-0.6336262997126610,-0.1112093522733503
37,1036.3621145443910336,1162.5153570752186170,28.1852300073232342,73.0456204991071587,-1.2308505072267253,-57.9897970776670775,89.5435047728715574,1.0413750846172798,111.8200143482538209,1.0000000000000000,1.0000000000000000,1.0000000000000000,1.0000000000000000,765.5736800158330198,294.5438267876983787,84.0525933000173922,64.5604261520928020,1055.6832815303246207,675.4405186717752940,190.2510553331032952,147.8992288911966000,150.3959123070723933,66.7488730394424863,19.1924232964824597,14.6490271708897399,-0.5642821944631953,0.0792009301093896,-0.6349872344264476,-0.1107820084464722
38,1070.6850120892429459,1191.5381494160219518,28.3327719247939349,72.8582085782262112,-1.1909805037425036,-58.3798731672119118,90.2374826868698818,1.0502787650919831,110.9405402445675577,1.0000000000000000,1.0000000000000000,1.0000000000000000,1.0000000000000000,791.9066782941234806,304.6750816703389546,87.2128036829509767,64.7315601284616235,1089.5099683906671544,697.0832928992660982,197.5006242949609430,147.8834192092849946,156.0490186510904493,69.2578406825582960,19.8784084119054647,14.7496427592197197,-0.5359029945236869,0.0913829428580546,-0.6360927250335979,-0.1103677270432733
39,1104.2974908645212508,1220.8610091483942597,28.4380683485213126,72.7172793243495335,-1.1553476735284449,-58.7507029830803589,90.8180680613618421,1.0674529599578708,110.2165869460050658,1.0000000000000000,1.0000000000000000,1.0000000000000000,1.0000000000000000,817.5848657144454137,314.5544071816299834,90.1988801232072746,64.7857739669748440,1122.8135090933762967,718.3913511013778361,204.4559441178411703,147.6942193839311130,161.4425425692324723,71.6516001785757197,20.5028573860709464,14.8032440863869414,-0.5112717571905471,0.1026942058591088,-0.6368068148214855,-0.1099633073755210
40,1136.7300502758560015,1250.4459354938644537,28.4940538774216066,72.6307176607798226,-1.1247715387994439,-59.1130428117486346,91.2581887190821277,1.0861455046649260,109.6757815730466916,1.0000000000000000,1.0000000000000000,1.0000000000000000,1.0000000000000000,842.2061499632990262,324.0271038957268388,92.9467582689284910,64.6998294994984349,1155.1880639007401896,739.1050314953261022,210.9423204904763622,147.2958236635323033,166.4538752131192609,73.8757351385887517,21.0587222064527388,14.8010481089138874,-0.4910456383873760,0.1129163748616447,-0.6370696242907683,-0.1095726509829445
41,1167.9111005956585814,1280.3587021091523184,28.5051476960648174,72.5942928540687831,-1.0994405506769305,-59.4694749568521459,91.5574793316476416,1.0939858554975590,109.3129885566858803,1.0000000000000000,1.0000000000000000,1.0000000000000000,1.0000000000000000,865.7069886409549326,333.0687247579983250,95.4581388193636400,64.4934050224824063,1186.5665176298216466,759.1813928744376199,216.9307567314055518,146.7253342899858239,171.0719690926938483,75.9253424538631947,21.5542951072315034,14.7501448866671012,-0.4752341312822384,0.1219183410853177,-0.6369206620813000,-0.1092040983987098
42,1197.9897200903085377,1310.5940403245463131,28.4806419856961561,72.5984012014209128,-1.0790431876127715,-59.8189225560181157,91.7373461069866210,1.0908428049036800,109.0982750769120742,1.0000000000000000,1.0000000000000000,1.0000000000000000,1.0000000000000000,888.2151760654934378,341.7284368551294733,97.7690548491453058,64.2043535937378635,1217.0680795276650770,778.6967069359749303,222.4733033914390603,146.0491695713394904,175.3464690411240952,77.8224555468196257,22.0045714017169196,14.6641866690887426,-0.4633334103709912,0.1296333716995823,-0.6364720361551545,-0.1088711127862083
43,1227.2301375712213485,1341.1760240900146073,28.4310358660139109,72.6320295838211791,-1.0630654502886963,-60.1585016102253149,91.8239897956025857,1.0879488453691799,108.9976896583521011,1.0000000000000000,1.0000000000000000,1.0000000000000000,1.0000000000000000,909.9566475502323328,350.0931656569061943,99.9311174369305064,63.8749396375886747,1246.9124394665934688,797.7915342475865828,227.6634834276159438,145.3409174947980489,179.3566226128739061,79.6022461509875825,22.4263352122801116,14.5583241139078172,-0.4547086261072863,0.1360691805356569,-0.6358412293861471,-0.1085847753309199
44,1255.8928968697382516,1372.2632365837803263,28.3648968968170543,72.6862083327051494,-1.0511052299350334,-60.4856258570597234,91.8323038982664031,1.0932238906280478,108.9921844032927538,1.0000000000000000,1.0000000000000000,1.0000000000000000,1.0000000000000000,931.1509937770541683,358.2473956244024862,101.9925272366624540,63.5399603171614515,1276.3212088831837718,816.6076648198596786,232.5918785187003834,144.6622790279633648,183.1779403969821658,81.2982274559449678,22.8340746015323326,14.4449278056508845,-0.4489562459461426,0.1412936121462283,-0.6350941220086833,-0.1083484741264359
45,1284.1250769013909121,1404.0701668213969242,28.2866124664545389,72.7563500547795456,-1.0429625216118632,-60.8002108875400467,91.7642422320674456,1.1082471250165815,109.0792222879145612,1.0000000000000000,1.0000000000000000,1.0000000000000000,1.0000000000000000,951.9192323577699426,366.2376866008078196,103.9816451444073522,63.2187380841534790,1305.4226289667028595,835.2271491095071951,237.3043145677305290,144.0491994852622497,186.8522555733871116,82.9289659079049954,23.2372940307391076,14.3305895088297124,-0.4459514662893350,0.1453912565886483,-0.6342426820201690,-0.1081596298910075
46,1312.2182261128546088,1436.9120744131173524,28.2027538087410363,72.8355097136221303,-1.0382635227075097,-61.0994028290912965,91.6256219005660739,0.8966480923307873,109.2518987609094125,1.0000000000000000,1.0000000000000000,1.0000000000000000,1.0000000000000000,972.5016586023926948,374.1564888649365344,105.9466173581555495,62.9392417146277126,1334.4744665518283000,853.8149098424611338,241.8947714795693571,143.5531703334058875,190.4565988776841152,84.5286493694997887,23.6487242309003420,14.2248745367076719,-0.4454569473551743,0.1485024925981856,-0.6332997277803945,-0.1080093401701264
47,1342.7937891525257328,1468.7417293195485399,28.1636263395417927,72.8670785747923873,-1.0307049146482909,-61.3361394515159972,91.7225424922107067,0.8727364615805255,109.1365307959774782,1.0000000000000000,1.0000000000000000,1.0000000000000000,1.0000000000000000,995.1398869235888469,382.8662323886178456,108.2452135119165035,62.9168986020981933,1365.7492329135207001,873.8249306339794202,247.2351691751704834,143.5385806125292447,194.6354445548900571,86.3833090825226293,24.1376911401597027,14.1987056313004416,-0.4402378793519829,0.1508875503167564,-0.6333563325655662,-0.1079982530474982
48,1373.7689228680542328,1501.0997947482323980,28.1270771379123730,72.8968186926326069,-1.0238958308314403,-61.5550149535246760,91.8102700892191876,0.8501618250375653,109.0321715191949750,1.0000000000000000,1.0000000000000000,1.0000000000000000,1.0000000000000000,1018.0685465315276588,391.6877153109345500,110.5807291057040374,62.8958613878428281,1397.4325305729500997,894.0963353049858142,252.6501836352157966,143.5243835292043002,198.8752227170062383,88.2650119155136963,24.6373752931958663,14.1745265895379831,-0.4355313872552114,0.1530287459027740,-0.6334036888594642,-0.1079895006195388
49,1405.1624369248957009,1533.9987957027110497,28.0929417677705757,72.9248161503950740,-1.0177579184301315,-61.7574202335664637,91.8897053158369346,0.8288706777119570,108.9377306901802029,1.0000000000000000,1.0000000000000000,1.0000000000000000,1.0000000000000000,1041.3024335017937574,400.6266302162033526,112.9543720522209895,62.8760516177353068,1429.5426634841687701,914.6408349741797110,258.1441161102716819,143.5106566699421649,203.1789817562458325,90.1751108091326756,25.1476583448795274,14.1521605104198063,-0.4312838697134236,0.1549520571072218,-0.6334433456737919,-0.1079827601501380
50,1436.9929237952237600,1567.4517311828722086,28.0610638127774550,72.9511578582712161,-1.0122216712911030,-61.9446351969471039,91.9616568774406034,0.8088067891098394,108.8522311546556978,1.0000000000000000,1.0000000000000000,1.0000000000000000,1.0000000000000000,1064.8560519808411300,409.6885573730676811,115.3673469480503258,62.8573961639927390,1462.0978877682621260,935.4701101560774532,263.7210081029676871,143.4974518836172308,207.5496186130403657,92.1148914865491832,25.6684832572713439,14.1314499521765171,-0.4274478401457441,0.1566804937187166,-0.6334765747069860,-0.1079777501570894
51,1469.2787870003644457,1601.4720319176572048,28.0312950765919418,72.9759302574305195,-1.0072253342446793,-62.1178376397723611,92.0268512571941102,0.7899126571117021,108.7747966731544835,1.0000000000000000,1.0000000000000000,1.0000000000000000,1.0000000000000000,1088.7436554664789128,418.8789806165906384,117.8208561450746572,62.8398265973551915,1495.1164100181592858,956.5958096764079528,269.3846887895754207,143.4848012250511147,211.9899067037462146,94.0855848483469970,26.1998434582520510,14.1122541500186731,-0.4239811529136172,0.1582344674821818,-0.6335044235872298,-0.1079742252260141
52,1502.0382685907879932,1636.0735256379962266,28.0034955827288705,72.9992183734083682,-1.0027139563399616,-62.2781114982324482,92.0859414072579483,0.7721305894241581,108.7046410334575768,1.0000000000000000,1.0000000000000000,1.0000000000000000,1.0000000000000000,1112.9792840158929721,428.2033016635237459,120.3161008384320496,62.8232786835275974,1528.6163905037042241,978.0295527227600587,275.1388140811226890,143.4727215831393892,216.5025189937308028,96.0883772128456144,26.7417741289743560,14.0944467244635714,-0.4208463381761993,0.1596321114665400,-0.6335277581480306,-0.1079719714822717
53,1535.2894756955552111,1671.2704086880178238,27.9775334338325976,73.0211051371157538,-0.9986385711333584,-62.4264544795683207,92.1395145189017342,0.7554035002581339,108.6410583409484758,1.0000000000000000,1.0000000000000000,1.0000000000000000,1.0000000000000000,1137.5767979082072543,437.6668530635091656,122.8542821639630205,62.8076919740435500,1562.6159499833377140,999.7829332027898772,280.9868989677920013,143.4612182905847533,221.0900471726495198,98.1244188264919899,27.2943451699699615,14.0779137791811735,-0.4180100287169233,0.1608895563716970,-0.6335472961479555,-0.1079708026401767
54,1569.0504060429898345,1707.0772229704134588,27.9532845742571929,73.0416709111109839,-0.9949554855384589,-62.5637851011910584,92.1880989571727838,0.7396754888219670,108.5834143769406097,1.0000000000000000,1.0000000000000000,1.0000000000000000,1.0000000000000000,1162.5499082091948821,447.2749099584275427,125.4366022936327028,62.7930094687994185,1597.1331791410684673,1021.8675257821225841,286.9323444374863925,143.4502879423616264,225.7550176791693843,100.1948309759703051,27.8576554980892865,14.0625523104967947,-0.4154424647820678,0.1620211700838077,-0.6335636342829682,-0.1079705565572306
55,1603.3389724044184277,1743.5088373840394524,27.9306324881366450,73.0609931733043112,-0.9916256615973392,-62.6909491704557951,92.2321704432162903,0.7248922506950750,108.5311389171075120,1.0000000000000000,1.0000000000000000,1.0000000000000000,1.0000000000000000,1187.9122046191100708,457.0327007964639847,128.0642655163885593,62.7791773329708462,1632.1861499037850081,1044.2948931253229148,292.9784599880331371,143.4399205973782898,230.4999051627440565,102.3007119628212536,28.4318284035776330,14.0482688680626815,-0.4131170652525070,0.1630397657993471,-0.6335772699149214,-0.1079710922292579
56,1638.1730259477753862,1780.5804330477037638,27.9094678565318475,73.0791463212552799,-0.9886141779320871,-62.8087257408466044,92.2721575625893138,0.7110013613165655,108.4837189078714488,1.0000000000000000,1.0000000000000000,1.0000000000000000,1.0000000000000000,1213.6771809296026277,466.9454171263016633,130.7384792927811645,62.7661446552887057,1667.7929280731689232,1067.0765939779651035,299.1284825426986913,143.4301014979017737,235.3271438476692481,104.4431421470491017,29.0170077552287538,14.0349784193674374,-0.4110100553565152,0.1639567832131962,-0.6335886186189584,-0.1079722871698097
57,1673.5703785119339955,1818.3074917180754255,27.8896881908757379,73.0962015686482971,-0.9858897596572964,-62.9178325810204058,92.3084466719073617,0.6979524617392485,108.4406924063858071,1.0000000000000000,1.0000000000000000,1.0000000000000000,1.0000000000000000,1239.8582583687414171,477.0182225787951893,133.4604552732483853,62.7538632378494228,1703.9715868430180308,1090.2241918151996742,305.3855924152093166,143.4208124109694893,240.2391371698436160,106.6231882241191613,29.6133548864522851,14.0226033807704731,-0.4091001426990385,0.1647824465741616,-0.6335980284080950,-0.1079740351243245
58,1709.5488238291336529,1856.7057869032607869,27.8711974552083817,73.1122269118995689,-0.9834243672288018,-63.0189311927781333,92.3413862698697301,0.6856973699964630,108.4016431980523407,1.0000000000000000,1.0000000000000000,1.0000000000000000,1.0000000000000000,1266.4688070743009121,487.2562611285188723,136.2314102717471940,62.7422874101209587,1740.7402208767639422,1113.7492638487408385,311.7529268423663780,143.4120326727873191,245.2382659827981399,108.8419068669663972,30.2210460297298908,14.0110727854491763,-0.4073682346804801,0.1655259028327203,-0.6336057913054201,-0.1079762440756220
59,1746.1261577326786210,1895.7913772521537794,27.8539056861961818,73.1272871498280637,-0.9811928361353587,-63.1126314133790913,92.3712908921738034,0.6741901361282165,108.3661960141121057,1.0000000000000000,1.0000000000000000,1.0000000000000000,1.0000000000000000,1293.5221659017813636,497.6646647146270652,139.0525671881067069,62.7313738616267216,1778.1169606994940295,1137.6634102350778903,318.2335915014290890,143.4037399992947712,250.3268955715434743,111.1003478388886236,30.8402701938189701,14.0003215646011707,-0.4057971914602945,0.1661953426194779,-0.6336121527913965,-0.1079788345031455
60,1783.3201973932893907,1935.5806018654682248,27.8377286172981577,73.1414439431399614,-0.9791725605395919,-63.1994956352720223,92.3984445837936903,0.6633870547913423,108.3340122801222094,1.0000000000000000,1.0000000000000000,1.0000000000000000,1.0000000000000000,1321.0316607453376037,508.2485602895766874,141.9251558738806693,62.7210814891904391,1816.1199872197175864,1161.9782633666984566,324.8306703491921326,143.3959111123396042,255.5073816668105735,113.3995566627930742,31.4712273990628582,13.9902899228722095,-0.4043716095200979,0.1667981063853569,-0.6336173195417432,-0.1079817378631078
61,1821.1487996301698331,1976.0900772277705073,27.8225873114955071,73.1547559034006127,-0.9773432149894815,-63.2800426748605034,92.4231039962928804,0.6532466463185838,108.3047863336885257,1.0000000000000000,1.0000000000000000,1.0000000000000000,1.0000000000000000,1349.0106215252001221,519.0130763548014556,144.8504139376465218,62.7113712556465615,1854.7675462424863326,1186.7054971577804281,331.5472340558683300,143.3885222202502803,260.7820756157333904,115.7405769160543514,32.1141272026739060,13.9809227926136721,-0.4030776316337132,0.1673407776904609,-0.6336214657851832,-0.1079848952610460
62,1859.6298783434981488,2017.3366955059043448,27.8084078055501784,73.1672787035399210,-0.9756865091761479,-63.3547513195999699,92.4455011525052299,0.6437296145910487,108.2782420570239879,1.0000000000000000,1.0000000000000000,1.0000000000000000,1.0000000000000000,1377.4723979743127984,529.9633490344007214,147.8295874865967221,62.7022060577044087,1894.0779628711597979,1211.8568362586374860,338.3863472555894987,143.3815493833373580,266.1533288357078391,118.1244522072308030,32.7691874589021239,13.9721693544329089,-0.4019027796799862,0.1678292653393420,-0.6336247385432265,-0.1079882562922773
63,1898.7814211138486371,2059.3376239961648935,27.7951207676678287,73.1790652036889497,-0.9741859714352773,-63.4240635807751048,92.4658459161576474,0.6347987882272310,108.2541298762201620,1.0000000000000000,1.0000000000000000,1.0000000000000000,1.0000000000000000,1406.4303743383386518,541.1045277307626975,150.8639318018370545,62.6935506011995827,1934.0696557221367584,1237.4440651504974085,345.3510747939031376,143.3749687884010200,271.6234966544974441,120.5522278803842653,33.4366332693619270,13.9639826137647791,-0.4008358072616952,0.1682688758161874,-0.6336272619609763,-0.1079917780287933
64,1938.6215050119353691,2102.1103055341395702,27.7826611696463175,73.1901655875822001,-0.9728267573020567,-63.4883876770114739,92.4843281996995756,0.6264190500602007,108.2322240848085926,1.0000000000000000,1.0000000000000000,1.0000000000000000,1.0000000000000000,1435.8979830876919550,552.4417804000781871,153.9547119452775235,62.6853712824135272,1974.7611508974525805,1263.4790370853597778,352.4444871191323045,143.3687569512772484,277.1949416204988665,123.0249524842456168,34.1166960870888047,13.9563190250016476,-0.3998665695374300,0.1686643772663754,-0.6336291408969010,-0.1079954241341010
65,1979.1683116592323586,2145.6724597060715496,27.7709679740018949,73.2006275058780460,-0.9715954799464204,-63.5481007716142514,92.5011199397161050,0.6185572588751187,108.2123204542735806,1.0000000000000000,1.0000000000000000,1.0000000000000000,1.0000000000000000,1465.8887177261319721,563.9802984802685160,157.1032032962383198,62.6776360744328613,2016.1710956755950974,1289.9736828455661453,359.6696649370726959,143.3628908624930887,282.8700363514640230,125.5436790365375970,34.8096129445729900,13.9491381561699725,-0.3989859080457855,0.1690200560956341,-0.6336304639061764,-0.1079991640900925
66,2020.4401415761108183,2190.0420847240311559,27.7599838361075406,73.2104962235876684,-0.9704800597568634,-63.6035514853523907,92.5163768658656096,0.6111821662055705,108.1942340987741176,1.0000000000000000,1.0000000000000000,1.0000000000000000,1.0000000000000000,1496.4161447678425247,575.7253014990004658,160.3106920158566879,62.6703144177205118,2058.3182718926786947,1316.9400193052574650,367.0297032255585350,143.3573480880085356,288.6511659768816003,128.1094661079553134,35.5156257813996703,13.9424023882894215,-0.3981855486177822,0.1693397671097270,-0.6336313057269189,-0.1080029725218892
67,2062.4554278508585412,2235.2374598412679916,27.7496548211115126,73.2198147695462893,-0.9694695907140537,-63.6550622037386589,92.5302400863022143,0.6042643306445550,108.1777975650565651,1.0000000000000000,1.0000000000000000,1.0000000000000000,1.0000000000000000,1527.4939149450381137,587.6820413856570440,163.5784754376144861,62.6633771142972691,2101.2216089941302926,1344.3901577810195249,374.5277146873864353,143.3521068345187643,294.5407302189810821,130.7233787457594474,36.2349808516023657,13.9360766445240110,-0.3974580107381274,0.1696269779901629,-0.6336317293572024,-0.1080068286088867
68,2105.2327491580504102,2281.2771482024722900,27.7399301351233838,73.2286240863403606,-0.9685542215159788,-63.7029311969487892,92.5428375098195204,0.5977760312116720,108.1628591222940656,1.0000000000000000,1.0000000000000000,1.0000000000000000,1.0000000000000000,1559.1357736971210670,599.8558065068947371,166.9078623819060851,62.6567962249565369,2144.9001967437357052,1372.3363121633049104,382.1668327035539505,143.3471459869105047,300.5411451479610037,133.3864892527836616,36.9679281944384144,13.9301281449609675,-0.3967965269440503,0.1698848087945636,-0.6336317877951718,-0.1080107155713204
69,2148.7908421514907786,2328.1800000318489765,27.7307618700496725,73.2369631795905320,-0.9677250496878768,-63.7474345684529027,92.5542851225999215,0.5916911811923331,108.1492812294086576,1.0000000000000000,1.0000000000000000,1.0000000000000000,1.0000000000000000,1591.3555709849447339,612.2519254425446888,170.3001733927129351,62.6505449690996130,2189.3732975804655325,1400.7908068224969611,389.9502138363142194,143.3424451238694246,306.6548446400987586,136.0998778345743574,37.7147211554304178,13.9245261835131675,-0.3961949710411231,0.1701160670770967,-0.6336315255002777,-0.1080146202235725
70,2193.1486132513900884,2375.9651560734864688,27.7221047613206224,73.2448692657803093,-0.9669740271443866,-63.7888280475403562,92.5646881354090283,0.5859852433136803,108.1369391602462713,1.0000000000000000,1.0000000000000000,1.0000000000000000,1.0000000000000000,1624.1672704648715353,624.8757705152040671,173.7567408940597034,62.6445976267667177,2234.6603586165851993,1429.7660842854643306,397.8810399195344303,143.3379845164583628,312.8842815607645207,138.8646331244372618,38.4756159471179302,13.9192419239223923,-0.3956477940803321,0.1703232791464284,-0.6336309796243101,-0.1080185325861730
71,2238.3251498422732766,2424.6520512047072771,27.7139159577057121,73.2523779181231589,-0.9662938758711183,-63.8273486391618405,92.5741420151901480,0.5806351469847648,108.1257197692596463,1.0000000000000000,1.0000000000000000,1.0000000000000000,1.0000000000000000,1657.5849580508668168,637.7327610843825596,177.2789092639366402,62.6389294425233274,2280.7810232717424697,1459.2747126792082781,405.9625197644379000,143.3337451134944729,319.2319286893481376,141.6818525939393112,39.2508712413097385,13.9142482122806772,-0.3951499671800923,0.1705087179102785,-0.6336301810514352,-0.1080224455498691
72,2284.3397308929406790,2474.2604181491069539,27.7061548023705804,73.2595232101556917,-0.9656780125641015,-63.8632161435719183,92.5827334134686879,0.5756192080441647,108.1155203824175004,1.0000000000000000,1.0000000000000000,1.0000000000000000,1.0000000000000000,1691.6228498859136380,650.8283666133933139,180.8680348231784478,62.6335165308584081,2327.7551425382562229,1489.3293929385474712,414.1978904998778148,143.3297085167915270,325.7002793984746063,144.5526428543589645,40.0407477867324957,13.9095194038222587,-0.3946969303964241,0.1706744276979804,-0.6336291552798468,-0.1080263545858111
73,2331.2118370055691230,2524.8102912194062810,27.6987826242985804,73.2663378568815489,-0.9651204812152362,-63.8966345569049707,92.5905410025359572,0.5709170513980677,108.1062477998164582,1.0000000000000000,1.0000000000000000,1.0000000000000000,1.0000000000000000,1726.2952997378192777,664.1681095147866927,184.5254857366630006,62.6283357827569418,2375.6027858726206432,1519.9429657746507019,422.5904185582237460,143.3258569487387319,332.2918480959375529,147.4781198528254151,40.8455080479418484,13.9050312020169304,-0.3942845469480217,0.1708222464019834,-0.6336279231725278,-0.1080302574966703
74,2378.9611598968435828,2576.3220100246044240,27.6917625392284101,73.2728533534967710,-0.9646158927584985,-63.9277933636874423,92.5976362291022639,0.5665095366490291,108.0978173981854695,1.0000000000000000,1.0000000000000000,1.0000000000000000,1.0000000000000000,1761.6168058292735168,677.7575677781203467,188.2526418243710964,62.6233647731400396,2424.3442517070161557,1551.1284184004448434,431.1434003110709341,143.3221732141879272,339.0091704347152586,150.4594089655282403,41.6654158633522300,13.9007605082457122,-0.3939090621907816,0.1709538252363157,-0.6336265015995991,-0.1080341542044336
75,2427.6076113093554341,2628.8162230749421724,27.6850592592444151,73.2791001117276579,-0.9641593710028241,-63.9568687299874412,92.6040839941200602,0.5623786868982572,108.0901523226294358,1.0000000000000000,1.0000000000000000,1.0000000000000000,1.0000000000000000,1797.6020171063150883,691.6023773816642688,192.0508942798720398,62.6185816688393686,2474.0000775731832618,1582.8988910080058758,439.8601623517095618,143.3186406582578059,345.8548032934266416,153.4976449890433230,42.5007361222190525,13.8966852805192804,-0.3935670668127244,0.1710706463723075,-0.6336249039915620,-0.1080380465708452
76,2477.1713313474219831,2682.3138912212798459,27.6786389101871890,73.2851075939596228,-0.9637465041736406,-63.9840246063721736,92.6099432663886972,0.5585076206600981,108.0831827584020033,1.0000000000000000,1.0000000000000000,1.0000000000000000,1.0000000000000000,1834.2657389446571869,705.7082344878302820,195.9216452941524267,62.6139651367814167,2524.5910498289422321,1615.2676829917193118,448.7440614147553219,143.3152431213721627,352.8313245272818790,156.5939720297994597,43.3517344625548375,13.8927843998638263,-0.3932554637864397,0.1711740386796865,-0.6336231408196100,-0.1080419382472773
77,2527.6726962268894567,2736.8362908625131240,27.6724688560813945,73.2909044453619885,-0.9633733014682301,-64.0094137484172307,92.6152676368283636,0.5548804869442092,108.0768452743888162,1.0000000000000000,1.0000000000000000,1.0000000000000000,1.0000000000000000,1871.6229382884939696,720.0808974202564059,199.8663075832847085,62.6094942520397950,2576.1382129750513741,1648.2482589093333445,457.7984839166406914,143.3119648926208640,359.9413324876148863,159.7495432908368400,44.2186769943259748,13.8890375431292856,-0.3929714386727706,0.1712651917726485,-0.6336212200170139,-0.1080458345510942
78,2579.1323254242497569,2792.4050168558969744,27.6665175298089494,73.2965186242730340,-0.9630361541042101,-64.0331786620089360,92.6201058194355085,0.5514824032924803,108.0710822311007320,1.0000000000000000,1.0000000000000000,1.0000000000000000,1.0000000000000000,1909.6887482122485835,734.7261884188758359,203.8863038192009469,62.6051484054111924,2628.6628785472630625,1681.8542541712154161,467.0268450938506248,143.3087906623758272,367.1874453065245802,162.9655207543156337,45.1018300549440951,13.8854250610810404,-0.3927124329203741,0.1713451685362844,-0.6336191473540497,-0.1080497423660707
79,2631.5710882064186080,2849.0419850598309495,27.6607542692895336,73.3019775310916089,-0.9627318004020042,-64.0554524801857639,92.6245021044448436,0.5482993967372840,108.0658412465772074,1.0000000000000000,1.0000000000000000,1.0000000000000000,1.0000000000000000,1948.4784718916068869,749.6499951677171794,207.9830659640314252,62.6009072101548583,2682.1866335650233850,1716.0994804459467105,476.4325877086419041,143.3057054749709778,374.5722999419714938,166.2430747577099339,46.0014600071695554,13.8819278607207064,-0.3924761198474934,0.1714149162869005,-0.6336169267768269,-0.1080536700645845
80,2685.0101095178374635,2906.7694344375436231,27.6551491584774851,73.3073081360048775,-0.9624572945007099,-64.0763597772634483,92.6284967684316172,0.5453183474942502,108.0610747145860842,1.0000000000000000,1.0000000000000000,1.0000000000000000,1.0000000000000000,1988.0075859662340463,764.8582720886627158,212.1580345100340423,62.5967504075091199,2736.7313485146860330,1750.9979307680910097,486.0191802842926450,143.3026946821944136,382.0985509779242193,169.5833834612873545,46.9178330931729732,13.8785272908467476,-0.3922603830315344,0.1714752767011587,-0.6336145607204257,-0.1080576274499085
81,2739.4707751980663488,2965.6099286458597817,27.6496728725235243,73.3125371058138171,-0.9622099783542547,-64.0960173261881039,92.6321264457896518,0.5425269351968298,108.0567393699938492,1.0000000000000000,1.0000000000000000,1.0000000000000000,1.0000000000000000,2028.2917432735996499,780.3570413932496876,216.4126576292946424,62.5926577706020240,2792.3191848409842351,1786.5637843313390931,495.7901148236942959,143.2997438982986296,389.7688691739344904,172.9876322043799632,47.8512153628228347,13.8752050299191509,-0.3920632968650479,0.1715269946324991,-0.6336120504049291,-0.1080616257167767
82,2794.9747364988870686,3025.5863570281276225,27.6442965265149176,73.3176909301683821,-0.9619874567001601,-64.1145348038551788,92.6354244653866914,0.5399135874306848,108.0527958968323503,1.0000000000000000,1.0000000000000000,1.0000000000000000,1.0000000000000000,2069.3467749302885750,796.1523938834255887,220.7483902402486819,62.5886090063480580,2848.9726019159716088,1822.8114109473324334,505.7489039561178856,143.2968389572376111,397.5859397589209721,176.4570127481295287,48.8018726994385901,13.8719429753335213,-0.3918831090661412,0.1715707259184461,-0.6336093961234233,-0.1080656774290417
83,2851.5439138662777623,3086.7219349236702328,27.6389915272468976,73.3227960474696374,-0.9617875747301264,-64.1320154490368850,92.6384211559504536,0.5374674304324811,108.0492085750679649,1.0000000000000000,1.0000000000000000,1.0000000000000000,1.0000000000000000,2111.1886917346237169,812.2504894911879774,225.1666930015873049,62.5845836548953685,2906.7143634499757354,1859.7553751474792989,515.8990774464870128,143.2939658728817278,405.5524604647602018,179.9927224027538841,49.7700709724076091,13.8687231332256626,-0.3917182249566845,0.1716070442699169,-0.6336065975302622,-0.1080697965130966
84,2909.2004999497385143,3149.0402032033971409,27.6337294275460117,73.3278789706698291,-0.9616083982290238,-64.1485566773365292,92.6411441232573907,0.5351782415408124,108.0459449626347919,1.0000000000000000,1.0000000000000000,1.0000000000000000,1.0000000000000000,2153.8336848628810003,828.6575575464432859,229.6690312488329937,62.5805609861770193,2965.5675433037563380,1897.4104399016509888,526.2441779901434984,143.2911108030280616,413.6711392971154169,183.5959630381937018,50.7560763535280799,13.8655275079446731,-0.3915671933467793,0.1716364473219920,-0.6336036539381951,-0.1080739982660416
85,2967.9669617980307521,3212.5650269282541558,27.6284817827546370,73.3329664132095047,-0.9614481959783371,-64.1642506567040130,92.6436185019885698,0.5330364033233392,108.0429756095889928,1.0000000000000000,1.0000000000000000,1.0000000000000000,1.0000000000000000,2197.2981258306685959,845.3798967621480642,234.2568738947983320,62.5765198931054343,3025.5555306553587798,1935.7915699240063532,536.7877562032098240,143.2882600181274313,421.9446920437699191,187.2679399782584539,51.7601558429128019,13.8623379903403645,-0.3914286938824095,0.1716593619153320,-0.6336005646334142,-0.1080782993778452
86,3027.8660421989388851,3277.3205930264430208,27.6232200090403843,73.3380854151971704,-0.9613054242495223,-64.1791848471411015,92.6458671847737634,0.5310328588747915,108.0402738017887998,1.0000000000000000,1.0000000000000000,1.0000000000000000,1.0000000000000000,2241.5985656910329453,862.4238749257915515,238.9316923224433538,62.5724387809179916,3086.7020344690045022,1974.9139345322482768,547.5333647033826310,143.2853998757871636,430.3758395244116173,191.0098607800228478,52.7825780610704101,13.8591362439919319,-0.3913015257342315,0.1716761486690203,-0.6335973292178021,-0.1080827179665090
87,3088.9207601188741137,3343.3314068703393787,27.6179152432985333,73.3432634699295818,-0.9611787132391039,-64.1934425074478838,92.6479110307337521,0.5291590680911007,108.0378153317150094,1.0000000000000000,1.0000000000000000,1.0000000000000000,1.0000000000000000,2286.7517334420440420,879.7959282867359434,243.6949593079356475,62.5682954521451293,3149.0310872070235746,2014.7929100225678667,558.4845511588994214,143.2825168023119886,438.9673045911130203,194.8229339025766649,53.8236143768098003,13.8559035884873651,-0.3911845975213404,0.1716871058965788,-0.6335939479886495,-0.1080872736256926
88,3151.1544101978415711,3410.6222876278402509,27.6125382045431280,73.3485286507691114,-0.9610668553212338,-64.2071031721788756,92.6497690556236080,0.5274069645030410,108.0355782944796346,1.0000000000000000,1.0000000000000000,1.0000000000000000,1.0000000000000000,2332.7745336208754452,897.5025606305728161,248.5481480233524962,62.5640669866972772,3212.5670477181715796,2055.4440815176299111,569.6448501639337110,143.2795972827341018,447.7218088959893407,198.7083672724433541,54.8835404563256972,13.8526208788461229,-0.3910769183800399,0.1716924729104530,-0.6335904223674839,-0.1080919874841630
89,3214.5905612571314123,3479.2183622530837965,27.6070590567692236,73.3539097382371352,-0.9609687950159149,-64.2202431007466430,92.6514586054751845,0.5257689122583287,108.0335429073580258,1.0000000000000000,1.0000000000000000,1.0000000000000000,1.0000000000000000,2379.6840430652659961,915.5503420331397137,253.4927311825043148,62.5597296164788546,3277.3346032287231537,2096.8832442405014262,581.0177737750896085,143.2766278611034920,456.6420694511837723,202.6673667568290682,55.9626383376883965,13.8492683801168806,-0.3909775901025838,0.1716924327532254,-0.6335867553901325,-0.1080968822764240
90,3279.2530537787479261,3549.1450579678648865,27.6014472734631902,73.3594363471222550,-0.9608836205938169,-64.2329357010528668,92.6529955154902609,0.5242376628252332,108.0316913514520820,1.0000000000000000,1.0000000000000000,1.0000000000000000,1.0000000000000000,2427.4975068323433334,933.9459072903449623,258.5301804111959427,62.5552585939672880,3343.3587703539142240,2139.1264041617851035,592.6068005175972075,143.2735951531068679,465.7307950183937919,206.7011345612184527,57.0611991577457403,13.8458256361533714,-0.3908858002845925,0.1716871143881891,-0.6335829522733755,-0.1081019824240382
91,3345.1659963224287822,3620.4280930772101783,27.5956715040674645,73.3651390531835972,-0.9608105572575689,-64.2452519290741435,92.6543942557995734,0.5228063108950742,108.0300076344446865,1.0000000000000000,1.0000000000000000,1.0000000000000000,1.0000000000000000,2476.2323332748842404,952.6959540238264026,263.6619659446434980,62.5506280541237061,3410.6648950392163897,2182.1897779620471738,604.4153626380767719,143.2704858735228015,474.9906823794493107,210.8108675741785873,58.1795266858100959,13.8422713314883907,-0.3908008164332707,0.1716765943763597,-0.6335790210736781,-0.1081073141269798
92,3412.3537608524961797,3693.0934659470822226,27.5896994429550553,73.3710495188996532,-0.9607489618615147,-64.2572606659868910,92.6556680655682783,0.5214682488961397,108.0284774736613826,1.0000000000000000,1.0000000000000000,1.0000000000000000,1.0000000000000000,2525.9060882911130648,971.8072404686425898,268.8895567814852257,62.5458108690138559,3479.2786513309065413,2226.0897922452104467,616.4468313449191328,143.2672868814613594,484.4244125583397818,214.9977556906151506,59.3179418514695698,13.8385831451709311,-0.3907219810015439,0.1716608980624039,-0.6335749734579076,-0.1081129054644672
93,3480.8409769597110426,3767.1674419609607867,27.5834977016937195,73.3772006174507823,-0.9606983191502502,-64.2690290741049353,92.6568290768506415,0.5202171195060279,108.0270881989322902,1.0000000000000000,1.0000000000000000,1.0000000000000000,1.0000000000000000,2576.5364887837667993,991.2865829567381297,274.2144214562359252,62.5407784944674034,3549.2260388660793069,2270.8430819326304118,628.7044997346292803,143.2639852469399671,494.0346470880235756,219.2629801549037438,60.4767884934939630,13.8347375953370584,-0.3906487073255805,0.1716400002874789,-0.6335708256075535,-0.1081187865045950
94,3550.6525249784631342,3842.6765382594726361,27.5770316856705300,73.3836265538417223,-0.9606582395180717,-64.2806229310605204,92.6578884295311553,0.5190467654030639,108.0258286750772783,1.0000000000000000,1.0000000000000000,1.0000000000000000,1.0000000000000000,2628.1413953902806497,1011.1408531199836034,279.6380296315600162,62.5355008080735857,3620.5333789614041962,2316.4664877606287519,641.1915630524033531,143.2605683430050760,503.8240244439033972,223.6077119779912721,61.6564406044371225,13.8307098731817444,-0.3905804764571179,0.1716138256431530,-0.6335665992822682,-0.1081249894218387
95,3621.8135280216647516,3919.6475060534976365,27.5702654765120485,73.3903629817927765,-0.9606284583107364,-64.2921069436375063,92.6588563785461048,0.5179511753811150,108.0246892442175692,1.0000000000000000,1.0000000000000000,1.0000000000000000,1.0000000000000000,2680.7388045800539658,1031.3769748497090859,285.1618547601257205,62.5299459377961142,3693.2273091688848581,2362.9770527971936644,653.9110958769371109,143.2570239684143303,513.7951568014567556,228.0331104983638681,62.8573114028854079,13.8264736648940509,-0.3905168348939601,0.1715822482772059,-0.6335623230723474,-0.1081315486216348
96,3694.3493429836462383,3998.1073102872737763,27.5631617221401477,73.3974471145675125,-0.9606088367129658,-64.3035450399051740,92.6597423946854377,0.5169244258540262,108.0236616882959595,1.0000000000000000,1.0000000000000000,1.0000000000000000,1.0000000000000000,2734.3468402576922927,1052.0019210661678244,290.7873781244129532,62.5240800804561161,3767.3347761551613075,2410.3920178860616943,666.8660257503674984,143.2533405068378158,523.9506273189616650,232.5403221760635688,64.0798646342150846,13.8220009599842477,-0.3904573932262671,0.1715450912590987,-0.6335580338751177,-0.1081385008706798
97,3768.2855505985316995,4078.0831064157255241,27.5556815367996499,73.4049178274819099,-0.9605993642874461,-64.3150006389634541,92.6605552600869800,0.5159606166416308,108.0227392127164592,1.0000000000000000,1.0000000000000000,1.0000000000000000,1.0000000000000000,2788.9837450651457402,1073.0227103721556432,296.5160946340666328,62.5178673092969461,3842.8830267486232515,2458.7288159185382028,680.0591026927756957,143.2495071296562799,534.2929881996368522,237.1304797326251617,65.3246285836880105,13.8172618442848165,-0.3904018257305273,0.1715021255102613,-0.6335537786355318,-0.1081458854316482
98,3843.6479446878151975,4159.6022140490058518,27.5477844139952381,73.4128157492548468,-0.9606001632548891,-64.3265368962594124,92.6613031596577628,0.5204665655362373,108.0219164523713999,1.0000000000000000,1.0000000000000000,1.0000000000000000,1.0000000000000000,2844.6678716441915640,1094.4464036913716427,302.3495208467536486,62.5112693698310125,3919.8995969856546253,2508.0050648251353778,693.4928639447791738,143.2455140507454701,544.8247598529943616,241.8047017788669280,66.5922133856035288,13.8122242757501699,-0.3903498709585326,0.1714530683027379,-0.6335496163986744,-0.1081537442004200
99,3920.3473386961877623,4242.5245928924105101,27.5345238139440944,73.4261246798803455,-0.9606484938281370,-64.3442217559263554,92.6623573967542313,0.5222733502587618,108.0211204447859501,1.0000000000000000,1.0000000000000000,1.0000000000000000,1.0000000000000000,2901.2798911495974608,1116.2270909100820973,308.0890327850288486,62.4997482255755727,3998.3825547830406322,2558.2195284327403897,707.4389867465795305,143.2397383425152384,555.4511321987105248,246.5209096045545891,67.6067425309451409,13.8031901466058216,-0.3902922205376614,0.1713589798104242,-0.6335481100985302,-0.1081671430023695
100,3998.4571525415835822,4326.9973685704799209,27.5189036311603772,73.4417588008749362,-0.9606624320356394,-64.3643829494215680,92.6635130843294519,0.0050000000000000,108.0197555587555627,1.0000000000000000,1.0000000000000000,1.0000000000000000,1.0000000000000000,2958.8899983121982586,1138.3917784747995938,314.2927153501210000,62.4868184144782575,4078.3874918047408755,2609.4077750438882504,720.4179357067499723,143.2315244115191888,566.1963961267413197,251.2898840181876494,69.3773281584196724,13.7934107123274430,-0.3902024129473866,0.1712590067319219,-0.6335364806065212,-0.1081825452136533
